{"admin":{"cemiterio":{"cemiterio":{"form":{"indice":"Index","local":"Local","nome":"Nom","sigla":"Acronyme","titulo":"Enregistrement au cimetière"},"form_id":{"descarregar_gpt":"Télécharger GPT","titulo":"Détail Cimetière"},"list":{"data_solicitacao":"Date de la demande","nif_solicitante":"NIF du demandeur","nome":"Nom","sigla":"Acronyme","solicitante":"Demande","titulo":"Consultation des cimetières"},"titulo":"Cimetière"},"servico":{"form":{"cemiterio":"Cimetière","dataCerimonia":"Date de la cérémonie","documento":"Document","horaCerimonia":"L’heure de la cérémonie","tipoDocumento":"Type de service","titulo":"Services d’enregistrement des demandes"},"form_id":{"dados_financeiros":"Données financières","dados_servico":"Données de service","dados_solicitacao":"Demander des données","nu_entidade":"N° d’entité","titulo":"Voir la demande de service","valor_rupe":"Valeur","vencimento":"Salaire"},"list":{"cemiterio":"Cimetière","dataSolicitacaoFinal":"Date de fin (demande)","dataSolicitacaoInicial":"Date de début (demande)","titulo":"Demande de service de liste"},"titulo":"Service"}},"comum":{"agente_publico":"Public Agent","bairro":"Quartier","comuna":"District/Commune","morada":"Domicile","municipio":"Municipalité","nu_documento":"N° de document","pesquisa_avancada":"Recherche avancée","pesquisa_simples":"Recherche simple","provincia":"Province","referencia":"Référence"},"coordenadas":{"cood_latitude":"N/O","cood_longitude":"Sans O","coordenadas":"Coordonnées","grau_latitude":"Grade º","grau_longitude":"Grade º","graus_decimais":"GD (degrés décimaux)","graus_minutos_segundos":"GMS (degrés, minutes et secondes)","informar_coordenadas":"Signaler les coordonnées géographiques","latitude":"Latitude","leste":"Ceci","longitude":"Longitude","minuto_latitude":"Compte-rendu","minuto_longitude":"Compte-rendu","norte":"Nord","nu_ordem":"Nº Commande","oeste":"Ouest","segun_latitude":"Secondes","segun_longitude":"Secondes","sul":"Sud","valida_coordenadas_geograficas":"Les coordonnées géographiques sont obligatoires","valida_nu_ordem":"Commande déjà indiquée précédemment, veuillez en informer une autre Commande."},"fiscalizacao":{"DENUN":{"form":{"iban":"IBAN","titulo":"Enregistrer la plainte"},"form_id":{"titulo":"Modifier/consulter la plainte"},"list":{"assunto":"Objet","data_entrega":"Date de livraison","data_fim":"Date de fin","data_inicio":"Date de début","data_limite_entrega":"Délai de livraison","data_solicitacao":"Date de la demande","denunciado":"Dénoncé","documento":"Document","documentos_disponiveis":"Documents disponibles","outro":"Nom du document","situacao":"Situation","titulo":"Voir la plainte"},"stepper":{"analise":{"analisar":"Analyser","apta":"Plainte Apt","area_fiscalizacao":"Zone d’inspection","declaracao":"Déclaration","descritivo_diario":"Journal Description","grau_prioridade":"Degré de priorité","observacao":"Observation","titulo":"Analyse des faits"},"comum":{"concluir_analise":"Analyse complète","concluir_denuncia":"Rapport complet","concluir_solicitacao":"Remplir la demande"},"contacto":{"email":"Messagerie électronique","tipo":"Type de contact"},"denuncia":{"titulo":"Lanceur d’alerte"},"factos":{"identificacao":{"assunto":"Objet","descricao_fatos":"Description des faits","identificado":"Enregistrement identifié","informar_nif":"Informez le NIF No.","morada_fato":"Adresse du fait","nome_denunciante":"Nom du lanceur d’alerte","titulo":"Identification"},"morada":{"titulo":"Local"},"testemunhas":{"adicionar_testemunha":"Enregistrer le témoin","testemunha":"Témoin","titulo":"Témoin"},"titulo":"Fait"},"solicitacao_externa":{"titulo":"Identification"},"solicitacao_interna":{"titulo":"Identification"}},"titulo":"Dénonciation"},"INT":{"form":{"solicitante":"Demande","titulo":"Enregistrer la participation interne"},"form_id":{"titulo":"Modifier/Consulter la participation interne"},"list":{"titulo":"Voir Participations internes"},"titulo":"Participation interne"},"OE":{"form":{"data_solicitacao":"Date de la demande","determinacao_judicial":"Détermination judiciaire","orgao":"Organe","titulo":"Enregistrer la participation externe"},"form_id":{"titulo":"Modifier/consulter la participation externe"},"list":{"titulo":"Voir Participations externes"},"titulo":"Participation externe"},"PLAN":{"form":{"solicitante":"Demande","titulo":"Planification de l’inscription"},"form_id":{"titulo":"Modifier/Consulter la planification"},"list":{"titulo":"Voir Planification"},"titulo":"Planification"},"comum":{"agente":"N° d’agent","area_fiscalizacao":"Zone d’inspection","banco_agencia_conta":"Banque: {{ noBanco }} - Agence: {{ noAgencia }} - Compte: {{ nuContaCorrente }}","bi":"BI","codigo":"Code","conta_bancaria":"Compte en banque","contribuinte_nao_encontrado":"Contribuable non transféré","em_elaboracao":"En cours d’élaboration","flactivo":"Actif","forma_pgto_comissao":"Formulaire de commission de réception","iban":"N° IBAN","iban_label":"Banque: {{ noBanco }} - Agence: {{ noAgencia }} - Compte: {{ nuContaCorrente }} - IBAN: {{ iban }}","inactivo":"Inactif","informar_iban":"Signaler un IBAN","nao_informar_iban":"Ne pas signaler un compte","nif":"NIF","nif_denunciado":"NIF des dénoncés","nome_denunciado":"Nom de l’accusé","nome_fiscal":"Fiscal","numero_agente":"Numéro d’agent","numero_ordem_tarefa":"No. Ordre de service","origem_denuncia":"Origine du fait","protocolo":"Protocole","selecionar_conta":"Sélectionner un compte bancaire","situacao":"Situation","tipo_pessoa":"Personne"},"fato":{"cancelado_em":"Annulé le","cancelado_por":"par","justificar_cancelamento":"Justification de l’annulation","motivo_cancelamento":"Raison de l’annulation"},"funcao_de_fiscal":{"form":{"agente_publico":"Public Agent","area_fiscal":"Domaine d’action budgétaire","dados_gerais":"Données générales","fiscal_ja_registado":"Fiscal déjà enregistré avec {{ document }} {{ documento_numero }} dans le {{preposicao}} {{ locale }}","fiscal_pessoa_singular":"Seul l’enregistrement d’une personne physique est autorisé","titulo":"Attribuer un rôle fiscal"},"form_id":{"titulo":"Fonction de taxe détaillée"},"list":{"documento":"N° de document","nome":"Nom de l’exercice fiscal","tipo_documento":"Document Type","titulo":"Voir Fonction fiscale"},"modal":{"detalhar":{"titulo":"Fonction de taxe détaillée"}},"pesquisar_fiscais":"Taxe de recherche","titulo":"Fonction fiscale"},"ocorrencia_de_fiscalizacao":{"form":{"titulo":"Occurrence de l’inspection des dossiers"},"form_id":{"titulo":"Occurrence de l’inspection détaillée"},"list":{"area_fiscalizacao":"Zone d’inspection","entidade":"Entité","numero":"Numéro d’inspection","ordem_tarefa":"Ordre de service","titulo":"Voir Cas d’inspection"},"mensagens":{"activar_fiscal":"Voulez-vous activer la taxe?","inativar_fiscal":"Voulez-vous inactiver la taxe?","inativar_fiscal_com_ocorrencia_cadastrada":"L’état financier a des événements d’inspection initiés et non finalisés. Voulez-vous le désactiver?"},"stepper":{"auto_de_noticia":{"auto_de_noticia":{"form":{"autuado":"Réservé","confirma_solicitar_parcelamento":"Confirmez-vous la demande d’acomptes ?","infracao":"Infraction","multaTransgressao":"Amende de transgression","parcelar_multa":"Versement de l’amende","quantidade_parcela":"Nombre de parcelles. Min: {{ min }}. Max: {{ max }}","solicitar_parcelamento":"Demander un versement","termoLegislacao":"Durée de la législation"},"list":{"confirmar_solicitacao":"Confirmez-vous la demande d’approbation pour le News Auto?","emitir_auto_noticia":"Actualités de l’émission Auto","gerir_auto_noticia":"Gérer News Auto","gerir_auto_transgressao":"Gérer l’auto de transgression","homologar":"Homologuer","homologar_EHML":"Homologuer","homologar_EMIT":"Détail","homologar_HML":"Détail","numero":"N° de reportage","parcela_unica":"Versement unique","situacao":"Situation","solicitar_homologacao":"Demander l’homologation","valorTransgressao":"Valeur de la transgression"},"titulo":"Actualités auto"},"parecer":{"deferir":"Différer l’avis","form":{"data_conclusao":"Date et heure d’achèvement","descritivo":"Descriptif","nome_adm_responsavel":"Nom de l’administrateur responsable"},"list":{"dataGeracao":"Date de génération","dataParecer":"Date","descritivo_parecer":"Opinion descriptive","detalharAuto":"Détail Auto News","nomeresponsavel":"Nom du propriétaire par opinion","situacaoParecer":"Situation de l’avis"},"titulo":"Avis d’approbation"},"titulo":"Actualités auto"},"auto_de_transgressao":{"dados_gerais":{"data_geracao":"Date de génération","fiscal_responsavel":"Finances responsables","numero_gpt":"Numéro GPT","numero_rupe_guia_pagamento":"Numéro RUPE du Guide de paiement","valor_total_multa":"Montant total de l’amende"},"decisao":{"concorda_valores":"Êtes-vous d’accord avec les valeurs suggérées?","confirma_valores_informados":"Les montants des amendes déclarées seront rejetés. Confirme?","titulo":"Décision"},"guias":{"anexar_comprovativo":"Joindre une preuve de la demande d’acomptes échelonns","aprova_solicitacao_parcelamento":"Approbation de la demande d’acomptes échelonés","data_emissao":"Date d’émission","data_vencimento":"Échéance","data_vencimento_guia":"Date d’échéance du guide","entrada":"Entrée","gerar_parcelas":"Générer des tracés","guias":"Guides de paiement","nu_parcela":"Numéro de colis","numero_guia":"Pas de guide","percentual_entrada":"Pourcentage d’entrée","restante_parcela":"Reste","rupe":"Numéro RUPE","solicitar_parcelamento":"Demander un versement","soma_parcela":"Valeur déclarée","tipo_parcelamento":"Parcelle fixe","valor_entrada":"Valeur d’entrée","valor_guia":"Valeur guide","valor_parcela":"Valeur du versement"},"list":{"a_decidir":"Décider","confirma_altercao_situacao":"Voulez-vous changer le statut de la demande en {{ situation }} ?","confirma_altercao_situacao_auto_transgressao":"Confirmez-vous la modification de la situation de transgression de l’auto en {{ situation }} ?","emitir_auto_transgressao":"Problème AT","emitir_comprovativo":"Preuve d’émission","emitir_decisao_final":"Publier la décision finale","emitir_gpt":"Problème GPT","gerir_gpt":"Gérer le guide de paiement","gerir_gpt_resumno":"Gérer GPT","numero":"Auto-démarcation","reemitir_gpt":"Réédition GPT","registar_reuniao":"S’inscrire pré-audience","solicitar_decisao":"Demande de décision","valor_sugerido":"Valeur suggérée","valor_transgressao":"Valeur de la transgression"},"reuniao":{"data_reuniao":"Date de la réunion","descritivo_reuniao":"Description de la réunion"},"titulo":"Soi de transgression"},"documentos":{"titulo":"Documents"},"finalizar":{"titulo":"Finaliser les cas d’inspection"},"ocorrencia":{"accao":{"aplicou_notificacao":"Notification appliquée","data_acao":"Date de l’action","data_limite_comparecimento":"Date limite de présence","descricao_acao":"Description de l’action de surveillance","exige_comparecimento":"Nécessite une présence","exige_documentos":"Nécessite la soumission de documents","horario":"Horaire","notificacao_vinculada":"Notification liée","numero_notificacao":"Aucune notification","numero_notificacao_vinculada":"N° de notification liée","titulo":"Mesures d’application de la loi"},"actividades":{"aplicou_notificacao":"Notification appliquée","data_acao":"Date de l’action","data_limite_comparecimento":"Date limite de présence","descricao_acao":"Description de l’action de surveillance","exige_comparecimento":"Nécessite une présence","exige_documentos":"Nécessite la soumission de documents","horario":"Horaire","notificacao_vinculada":"Notification liée","numero_notificacao":"Aucune notification","numero_notificacao_vinculada":"N° de notification liée","titulo":"Activités de surveillance"},"documentos":{"list":{"data_limite_entrega":"Délai de livraison","data_solicitacao":"Demande de date","documento":"Document","registar_entrega":"Livraison d’enregistrements"},"titulo":"Documents demandés"},"entidade":{"titulo":"Entité"},"local":{"titulo":"Local"},"ordem_tarefa":{"titulo":"Commande de service de recherche"},"parecer":{"titulo":"Sembler"},"relatorios":{"descritivo":"Description des activités","list":{"data_registo":"Date d’inscription"},"tipo_actividade":"Type d’activité","titulo":"Activités d’inspection"},"titulo":"Identification"},"parecer_do_fiscal":{"legislacoes":{"alinea":"Paragraphe","alineas":"Aiguillage","artigo":"Article","form":{"adicionar_termo":"Ajouter une nouvelle législature","alterar_parecer":"Changer d’opinion","alterar_parecer_confirmacao":"La situation de l’affaire sera annulée pour permettre le changement. Confirmez-vous l’action?","existe_parecer_cancelado":"Importer des informations à partir de Fiscal Opinion No{ {{ cdAdmOcorrRecord }} dans la situation {{ dsStAdmOcorrRecord }}","existe_parecer_em_elaboracao":"Il existe déjà un avis fiscal No{ {{ cdAdmOcorrRecord }} dans la situation {{ dsStAdmOcorrRecord }}. Voulez-vous modifier cet enregistrement?","termo_da_legislacao":"Informer la durée de la législation","valor_efectivo":"Valeur effective","valor_maximo_lei":"Valeur maximale de la loi","valor_maximo_sugerido":"Valeur maximale suggérée","valor_minimo_lei":"Valeur minimale de la loi","valor_minimo_sugerido":"Valeur minimale suggérée","valor_multa":"Montant de l’amende","valor_parecer_fiscal":"Valeur de l’opinion","valor_sugerido":"Valeur suggérée"},"legislacao":"Législation","legislacoes_infracao":"Infraction aux lois","lei":"Loi","titulo":"Lois"},"titulo":"Avis de l’État","transgressao":{"constata_transgressao":"Trouve la transgression","crime":"Crime","crime_descricao":"Description de La preuve du crime","crime_indicio":"Indication du crime","descricao":"Description de transgression","titulo":"Transgression"}},"situacoes":{"a_ancerrar":"Pour fermer","finalizar_analise":"Analyse finale","finalizar_auto_noticia":"Finaliser les nouvelles de l’automobile","finalizar_cadastro":"Finaliser l’inscription","finalizar_ocorrencia":"Fin"}},"titulo":"Occurrence de l’inspection"},"ordem_de_tarefa":{"form":{"titulo":"Enregistrer l’ordre de service"},"form_id":{"titulo":"Voir l’ordre de service"},"list":{"coordenador":"Coordinateur","nif_fiscalizada":"FIV de l’entité en personne","nif_ou_nome_entidade_fiscalizada":"NIF ou nom de l’entité en personne","nome_coordenador":"Nom du coordonnateur de brigade","nome_entidade_fiscalizada":"Nom de l’entité en personne","numero":"Nombre","protocolo_denuncia":"Protocole de fait","situacao":"Situation","titulo":"Voir l’ordre de service"},"stepper":{"brigada":{"coordendor":"Coordinateur","titulo":"Brigade d’agents"},"comum":{"concluir_ordem":"Ordre de travail complet","confirma_finalizacao_ocorrencia":"Confirmez-vous l’achèvement de l’événement d’inspection?","confirma_finalizacao_ocorrencia_exige_comparecimento":"L’occurrence nécessite la présence à {{data}}. Confirmez-vous l’achèvement de l’événement d’inspection?","confirma_finalizacao_parecer":"Confirmez-vous la finalisation de l’avis?","confirma_finalizacao_registo":"Confirmez-vous l’achèvement de l’inscription?"},"identificacao":{"add_fatos_fiscalizacao":"Ajouter des faits pour l’inspection","cadastrar_facto":"Faits pour l’action de surveillance","complementar":"Complémentaire","complementar_descricao":"Complément Facto pour l’inspection","dados_basicos":"Données de base","entidade":"Entité","fatos_complementar":"Complément Facto","fatos_fiscalizacao":"Faits à l’inspection","local":"Local","numero_facto":"Nº Facto","titulo":"Identification","tpAdmFatoFiscal":"tpAdmFatoTax"}},"titulo":"Ordre de service"}},"menu":{"cemiterio":{"cadastro":{"titulo":"Cadastre","tooltip":"Cadastre"},"cemiterio":{"titulo":"Cimetière","tooltip":"Cimetière"},"emissao":{"titulo":"Émission","tooltip":"Émission"},"parecer":{"titulo":"Sembler","tooltip":"Sembler"},"servico":{"titulo":"Service","tooltip":"Service"},"solicitacao":{"titulo":"Demander","tooltip":"Demander"},"titulo":"Cimetière"},"fiscalizacao":{"denuncia":{"titulo":"Dénonciation","tooltip":"Dénonciation"},"facto":{"titulo":"Fait","tooltip":"Fait"},"funcao_de_fiscal":{"titulo":"Fonction fiscale","tooltip":"Fonction fiscale"},"historico_transgressao":{"historico":{"titulo":"Histoire des transgressions","tooltip":"Histoire des transgressions"},"listagem":{"titulo":"Entité"},"transgressao":{"titulo":"Transgression","tooltip":"Transgression"}},"ocorrencia_de_fiscalizacao":{"submenus":{"acao_fiscalizacao":{"titulo":"Mesures d’application de la loi","tooltip":"Mesures d’application de la loi"},"actividades_fiscalizacao":{"titulo":"Activités de surveillance","tooltip":"Activités de surveillance"},"auto_noticia":{"titulo":"Actualités auto","tooltip":"Actualités auto"},"auto_transgressao":{"titulo":"Soi de transgression","tooltip":"Soi de transgression"},"finalizar":{"titulo":"Fin","tooltip":"Fin"},"identificacao":{"titulo":"Identification","tooltip":"Identification"},"parecer":{"titulo":"Sembler","tooltip":"Sembler"}},"titulo":"Occurrence de l’inspection","tooltip":"Occurrence de l’inspection"},"ordem_tarefa":{"titulo":"Ordre de service","tooltip":"Ordre de service"},"planeamento":{"titulo":"Planification","tooltip":"Planification"},"solicitacao_externa":{"titulo":"Participation externe","tooltip":"Participation externe"},"solicitacao_interna":{"titulo":"Participation interne","tooltip":"Participation interne"},"titulo":"Surveillance","titulo_edicao":"{{tpDenunciaLabel}} #{nombre}}"},"legislacao":{"lei":{"titulo":"Loi","tooltip":"Loi"},"tipologia":{"titulo":"Typologie","tooltip":"Typologie"},"titulo":"Législation","tooltip":"Législation"},"praca":{"nome":"CARRÉ DE VENTE","tooltip":"Registre des places"},"solicitacao_servico":{"cadastro":{"titulo":"Cadastre","tooltip":"Cadastre"},"emissao":{"titulo":"Émission","tooltip":"Émission"},"parecer":{"titulo":"Sembler","tooltip":"Sembler"},"servico":{"titulo":"Service","tooltip":"Service"},"solicitacao":{"titulo":"Demander","tooltip":"Demander"},"titulo":"Demande de service"}},"municipal":{"emissao":{"list":{"dataSolicitacao":"Date de la demande","documento":"Document","protocolo":"Protocole","situacao":"Situation","titulo":"Consultation sur les émissions"},"titulo":"Émission"},"parecer":{"atribuir":{"titulo":"Attribuer un avis"},"form":{"avaliar":"Confirmez-vous l’évaluation de l’opinion?","confirma_retornar_avaliar":"Confirmez-vous le retour à l’évaluation?","confirma_retornar_emissao":"Confirmez-vous le retour à Problème?","confirma_retornar_validar":"Confirmez-vous le retour à la Validation ?","deferir":"Confirmez-vous que vous avez reporté votre opinion?","emitir":"Confirmez-vous la question de l’avis?","indeferir":"Confirmez-vous que vous rejetez l’avis?","parecer_da_solicitacao":"Demander un avis","proximo_nivel":"Confirmez-vous l’analyse du Registre?","retornar_avaliar":"Retour à l’évaluation","retornar_emissao":"Retour à l’émission","retornar_validar":"Retour à validation","titulo":"Avis détaillé","validar":"Confirme-t-il la validation de l’avis?"},"list":{"dados_solicitacao":"Demander des données","dataSolicitacao":"Date de la demande","documento":"Document","editar_parecer":"Modifier l’opinion","parecer_nivel":"Niveau","protocolo":"Protocole","situacao":"Situation","titulo":"Requête d’opinion","utilizador":"Enregistré par"},"titulo":"Sembler"}},"praca":{"administrador":"Administrateur","ativo":"Actif","bairro":"Quartier","cadastro":"Carré des ventes","complemento":"Complément","comuna":"District/Commune","endereco":"Adresse","funcionamento":"Opération","inativo":"Inactif","localizacao":"Emplacement","morada":"Domicile","municipio":"Municipalité","nome":"Identification","pesquisa":"Carré des ventes","pontoReferencia":"Point de référence","provincia":"Province","situacao":"Situation","suplente":"Substituer","titulo":"Carré des ventes"},"responsavel":{"cargo":"Position","dataFimAusencia":"Date de fin","dataInicioAusencia":"Date de début","identificacao":"Identification","nome":"Nom","tipoDocumento":"Document"}},"bpms":{"agendamento":{"agendar":"Horaire","calendario":"Calendrier","confirmar_agendamento":"Confirmer la planification","dt_agendamento":"Date de planification","dt_hora":"Temps de planification","no_local":"Local","servico":"Sélectionnez Planification","servico_escolhido":"Service"},"certidao_predial":{"confirma_integracao":"Confirmez-vous l’intégration du certificat de construction avec sirp?","download_certidao_predial":"Télécharger le certificat de construction","integrar_certidao_predial":"Intégration avec SIRP"},"matriz_predial":{"aprovar_matriz_predial":"Approuver la matrice de construction","confirma_aprovacao":"Confirmez-vous l’approbation de la matrice du bâtiment?"},"parcelamento":{"anexar_comprovativo":"Joindre une preuve de la demande d’acomptes échelonns","aprova_solicitacao_parcelamento":"Approbation de la demande d’acomptes échelonés","codigo":"Code","codigo_da_receita":"Code des recettes","configurar_parcelamento":"Configurer le versement","confirma_altercao_situacao":"Voulez-vous changer le statut de la demande en {{ situation }} ?","data_emissao":"Date d’émission","data_pagamento":"Date de paiement","data_vencimento":"Échéance","data_vencimento_guia":"Date d’échéance du guide","descritivo_parecer":"Opinion descriptive","detalhe_da_receita":"Détail des revenus","entrada":"Valeur d’entrée","finalizar_solicicitacao_parcelamento":"La demande d’acomptes non échelonnants sera envoyée pour analyse. Confirmez-vous l’action?","gerar_parcelas":"Générer des tracés","guias":"Guides de paiement","homologar_parcelamento":"Homologuer l’acompte","homologar_parcelas":"Homologuer les parcelles","imposto":"Taxe","impostos":"Impôts","nome_da_receita":"Nom du revenu","nu_de_parcela":"Nombre de colis","nu_parcela":"Numéro de colis","numero_guia":"Pas de guide","observacao":"Observation","parcela_unica":"Versement unique","parcelar":"Installation","parcelar_impostos":"Taxes à tempérament","percentual_entrada":"Pourcentage d’entrée","permite_parcelamento":"Est-ce qu’il permet le versement ?","permite_parcelar":"Permet le versement","quantidade_max":"Nombre maximum de colis","quantidade_min":"Nombre minimum de colis","quantidade_parcela":"Nombre de parcelles. Min: {{ min }}. Max: {{ max }}","quantidade_parcela_max":"Nombre maximum de colis : {{ max }}","quantidade_parcela_min":"Nombre minimum de colis: {{ min }}","restante_parcela":"Reste","rupe":"Numéro RUPE","situacao":"Situation de versement","situacao_parcela":"Situation","solicitar_parcelamento":"Demander un versement","soma_parcela":"Valeur déclarée","tipo_parcelamento":"Parcelle fixe","tipo_vencimento":"Salaire","valor_da_receita":"Montant des revenus","valor_entrada":"Valeur d’entrée","valor_guia":"Valeur guide","valor_match_guia":"La somme des versements doit être égale à la valeur du Guide","valor_parcela":"Valeur du versement","valor_total_parcelamento":"Montant total des versements","visualizar_parcelamento":"Installation","visualizar_parcelas":"Voir les colis"},"solicitacao":{"servico":"Service"}},"cadastro":{"pessoa":{"pesquisar":"Chercher"}},"comum":{"aceder":"Adhérer","acoes":"Actions","activar":"Activer","activo":"Actif","adicionar":"Ajouter","ajustar":"Ajuster","alerta":"Alerte","alteracao":"Modification","analisar":"Analyser","anexos":"Fichiers","aprovar":"Approuver","apta_N":"Pas Apta","apta_S":"Capable","associar_todos":"Associer tous","ativar":"Activer","atribuir":"Assigner","avaliado":"Évalué","avaliar":"Évaluer","bi":"N° BI","cancelado":"Annulé","cancelar":"Annuler","codigo":"Code","complementar":"Complémentaire","complemento":"Complément","completados":"Terminé","comprovativo":"Preuve","concluir":"Conclure","confirma_ativacao":"Voulez-vous activer l’enregistrement (s)?","confirma_inativacao":"Voulez-vous désactiver l’enregistrement (s)?","confirmacao":{"activacao":"Confirmez-vous l’activation de l’inscription ?","activacaoSeleccionado":"Confirmez-vous l’opération d’activation de l’enregistrement sélectionné ?","alterar_status":"Confirmez-vous l’action?","cancelarregisto":" Confirmez-vous l’annulation de l’inscription?","confirmaEdicao":"L’enregistrement de l’entreprise n’a pas été finalisé. Voulez-vous finaliser l’enregistrement de l’Entreprise?","exclusao":"Voulez-vous supprimer le(s) enregistrement(s) ?","exclusaoSeleccionado":"Voulez-vous supprimer le(s) enregistrement(s) ?","exclusaoTodos":"Confirmez-vous la suppression de tous les enregistrements?","exclusaoregisto":" Confirmez-vous la suppression du registre ?","finalizar":"Confirmez-vous l’achèvement?","inactivacao":"Confirmez-vous l’inactivation de l’inscription ?","inactivacaoSeleccionado":"Confirmez-vous l’opération de désactivation de l’enregistrement sélectionné ?","inclusao":"Confirmez-vous l’inclusion de l’inscription?"},"consultar":"Consulter","continuar":"Continuer","criarNovo":"Créer un nouveau +","data":"Date","dataFinal":"Date de fin","dataInicial":"Date de début","data_hora":"Date/Heure","data_solicitacao":"Date de la demande","decisao":"Décision","deferido":"Accordée","deferir":"Subvention","desativar":"Inactiver","descricao":"Description","detalhar":"Détail","documentos":"Documents","download":"Télécharger","editar":"Éditer","emitido":"Délivré","emitir":"Émettre","emitir_gpt":"Problème GPT","encaminhar":"En avant","excluir":"Supprimer","expandir":"Développer","exportar":"Exportation","fechar":"Fermer","finalizar":"Fin","fluxo_analise":"Analyse","fundamentacao":"Raisons","fundamentar":"Base","historico":"Historique","home":"Commencement","homologar":"Homologuer","identificacao":"Identification","imprimir":"Imprimer","imprimir_protocolo":"Protocole d’impression","inactivar":"Inactiver","inclusao":"Inclusion","indeferido":"Rejeté","indeferir":"Refuser","itens_associados":"Éléments associés","itens_disponiveis":"Articles disponibles","justificativa":"Justification","limpar":"Propre","lista":"Liste","marcaperiodo":{"0":"Aujourd’hui","1":"Hier","7":"7 derniers jours","30":"30 derniers jours","null":"Aîné"},"mensagem":{"contribuinte_nao_existente":"Contribuable inexistant","excluir_modelo":"Dejesa Elimar le modèle d’avion?","fabricante_invalido":"Veuillez sélectionner un fabricant!","label_campo_obrigatorio":"Les champs avec astérisque sont obligatoires.","modelo_invalido":"S’il vous plaît signaler un modèle d’avion valído!","nenhum_registro":"Aucun enregistrement trouvé.","preencher_campos_obrigatorios":"Vous devez remplir tous les champs obligatoires à enregistrer.","registo_nao_localizado":"Enregistrement introuvable.","resultados_encontrados":"Les résultats {{longueur}} ont été trouvés","sucesso":"Opération réalisée avec succès."},"nif":"Nº NIF","nome":"Nom","notificacao":{"de":"De","enviado_em":"Envoyé dans","lido":"Lire","nao_lido":"Non lu","nenhuma_notificacao":"Aucune notification trouvée.","nenhuma_notificacao_encontrada":"Aucune notification trouvée.","nenhuma_notificacao_selecionada":"Aucune notification sélectionnée","notificacao":"Notification","notificacoes":"Notifications","para":"Vers","selecione_notificacao":"Sélectionnez une notification à afficher.","titulo_modal_solicitacao":"Notifications - Protocole No{ {{nuSolicitacao}}"},"nu_protocolo":"Protocole n°","opcoes":"Options","paginacao":{"anterior":"Précédent","de":"De","exibindo":"Montrant","ir":"Aller","pagina":"Page","primeira_pagina":"Première page","proximo":"Prochain","ultima_pagina":"Dernière page"},"parecer":"Sembler","pendente":"En instance","pesquisa_avancada":"Recherche avancée","pesquisa_simples":"Recherche simple","pesquisar":"Chercher","portal_servicos":"Portail de services","prefixo_numero":"Dans.","protocolo":"Protocole","realizar_acao":"Éditer","recolher":"Recueillir","rectificar":"Rectifier l’inscription","registar_acao":"Enregistrer l’action","registar_actividades":"Activités d’inscription","remover_todos":"Supprimer tout","reprovar":"Échouer","salvar":"Enregistrer","selecionar":"Choisir","simular":"Simuler","situacao":"Situation","solicitacoes":"Requêtes","tabela":"Table","texto_vazio":"--","titulo":"Titre","validacao":{"data":"Date non valide.","email":"E-mail non valide","hora":"Heure non valide.","horario_invalido":"L’heure doit suivre le format '00:00'","horario_maior":"Temps plus long que prévu","horario_menor_anterior":"Temps inférieur à la valeur précédente","informar_valor":"Entrez une valeur pour ce champ","invalid":"Format non valide.","maior_18":"Entrez une date supérieure à 18 ans","max":"Valeur maximale de {{max}}","max_date":"La date ne peut pas être supérieure à {{date}}","max_date_label":"La date ne peut pas être supérieure au champ {{label}}","max_dateatual":"La date indiquée doit être inférieure à la date actuelle","max_igual_dateatual":"La date indiquée doit être inférieure ou égale à la date actuelle","max_igual_mes_atual":"Le mois déclaré doit être inférieur ou égal au mois en cours","max_mes_atual":"Le mois déclaré doit être inférieur au mois en cours","maxdate":"La date de début doit être inférieure ou égale à la date de fin.","maxlength":"Entrez le nombre maximal de caractères {{quantity}}.","menor_18":"Entrez une date inférieure à 18 ans","min":"La valeur minimale de {{min}}","min_date":"La date ne peut pas être inférieure à {{date}}","min_date_label":"La date ne peut pas être inférieure au champ {{label}}","min_dateatual":"La date indiquée doit être plus longue que la date actuelle","min_dateinicio":"La date de fin doit être plus longue que la date de début","min_igual_dateatual":"La date indiquée doit être supérieure ou égale à la date actuelle","min_igual_mes_atual":"le mois déclaré doit être supérieur ou égal au mois en cours","min_max_value":"La valeur indiquée doit être comprise entre {{min}} et {{max}}","min_mes_atual":"Le mois déclaré doit être plus long que le mois en cours","mindate":"La date de début doit être inférieure à la date de fin","minlength":"Entrez au moins les caractères {{quantity}}.","nu_matriz_predial_invalido":"N° de matrice de construction non valide","nu_matriz_predial_nao_encontrado":"Aucune matrice de construction n’est valide ou introuvable.","numerico":"Chiffres uniquement","regex":"{{ }} champ non valide","required":"Champ obligatoire.","telefone_invalido":"Téléphone non valide","valor_match_transgressao":"La somme des versements doit être égale au montant de la Transgression","valor_maximo":"Valeur déclarée supérieure à la valeur suggérée","valor_maximo_lei":"Valeur déclarée supérieure à la valeur de la Loi","valor_minimo":"Valeur déclarée inférieure à la valeur suggérée","valor_minimo_lei":"Valeur déclarée inférieure à la valeur de la Loi"},"validado":"Validé","validar":"Valider","vermais":"Voir plus","vermenos":"Voir moins","vinculaer_nif":"Lien NIF","visualizar_parecer":"Voir l’opinion","voltar":"Reviens"},"core":{"acessonegado":"Accès refusé ! L’utilisateur n’a pas accès à la ressource demandée.","alerta":"Alerte","cancelar":"Annuler","confirmacao":"Confirmation","erro":"Erreur","errogeral":"Une défaillance du système s’est produite, veuillez contacter l’administrateur.","fechar":"Fermer","gatewayexpirou":"Le temps de réponse du service interne a expiré. Veuillez réessayer.","info":"Information","nao":"Non","naoencontrado":"Adresse introuvable.","ok":"D’ACCORD","requisicaoexpirou":"Le délai de la demande a expiré. Veuillez réessayer.","requisicaomalformada":"Réquisition mal formée.","semconexao":"Pas de connexion Internet.","sim":"Oui","success":"Succès"},"dinamico":{"data":{"dia_mes_ano":"jj/MM/a","dia_mes_ano_hora_minuto":"jj/MM/y HH:mm","hora_minuto":"HH:mm","mes":"mois","meses":"Mois"},"valor":{"maximo":"Valeur maximale {{ maximum }}","minimo":"Valeur minimale {{ minimum }}"}},"ficheiro":{"anexos":"Pièces jointes","cancelar_uploads":"Annuler le téléchargement","iniciar_upload":"Démarrer le téléchargement","lbl_drag":"Faites glisser les fichiers de téléchargement ici","lbl_tamanho":"Taille maximale autorisée : {{ size }} kb","lbl_tipos":"Types pris en charge :","msg":{"download_error":"Le fichier {{ name }} n’a pas pu être téléchargé","nome_repetido":"{{name}} fichier déjà chargé.","numero_maximo":"Nombre de fichiers dépassé!","tamanho_excedido":"Taille de fichier non valide. Maximum : {{size}} kb","timeout":"Le fichier {{name}} n’a pas pu être téléchargé. Réessayez!","tipo_invalido":"Type de fichier non valide. Extensions prises en charge : {{types}}."},"numero_maximo":"Nombre maximal de fichiers {{ maximum }}.","procurar":"Rechercher"},"formatacao":{"data":"jj/MM/aaaa","data_hora":"jj/MM/aaaa HH:mm","data_hora_segundo":"jj/MM/aaaa HH:mm:ss","valor_monetario":"999.999.999.999.999.999.999.999,99"},"historico":{"aviso_detalhar":"Cliquez sur un historique à côté pour afficher les détails","historico":"Historique","historico_detalhe":"Répartition de l’historique"},"home":{"bem_vindo":{"descricao":"Vous n’avez pas accès aux fonctionnalités du Portail.","titulo":"Bienvenue sur le Portal do Munícipe"}},"imovel":{"dados_imovel":"Données de propriété","descricao":"Gérer les informations qui seront utilisées dans le contexte du système","identificacao":{"matriz_predial":"Matrice de construction","tipo":"Gentil","tipo_grupo":"Type de groupe","tipo_uso":"Type d’utilisation","tipologia_empreendimento":"Typologie de l’entreprise","titulo":"Identification de la propriété"},"list":{"descricao":"Description de la propriété"},"resumo":{"finalizar":"Finaliser l’enregistrement de la propriété?","finalizar_ajustes":"Finaliser les ajustements","titulares":"Propriétaires","titulo":"Résumé de la propriété"},"solicitacao":{"situacao_nao_pode_rectificar":"La demande doit être dans la situation du DEMANDEUR afin de pouvoir rectifier."},"titular":{"nif_titular":"NIF du titulaire","nome_titular":"Nom du titulaire","obrigatorio_preenchimento_contacto_telefonico":"Il est obligatoire de remplir l’un des contacts téléphoniques (téléphone professionnel ou mobile)"},"titulares":"Détenteurs","titulo":"Registre immobilier"},"login":{"aceder":"ADHÉRER","credenciais_invalidas":"Informations d’identification non valides.","msg":{"senha_minlength":"Votre mot de passe doit contenir au moins des caractères {{amount}}.","username_invalido":"E-mail non valide."},"palavra_passe":"Mot de passe","utilizador":"Courrier électronique","voltar":"Reviens"},"mensagens":{"997":"Aucun enregistrement trouvé.","1466":"Aucun enregistrement trouvé.","1467":"Opération réalisée avec succès.","1468":"Voulez-vous supprimer le(s) enregistrement(s) ?","1469":"<nome_campo>est obligatoire","1470":"Le numéro NIF/BI non valide ou le contribuable/personne n’existe pas dans la base de données des contribuables.","1471":"Extension de fichier non valide.","1472":"Limite maximale de fichiers dépassée. La quantité maximale autorisée est de 10 fichiers.","1473":"Taille de fichier maximale autorisée","1474":"Confirmez-vous la suppression de tous les enregistrements?","1475":"Souhaitez-vous soumettre l’enregistrement pour analyse par l’organisme compétent?","1476":"Il existe déjà une société d’exploitation enregistrée comme principale. Voulez-vous changer la société mère?","1477":"Il y a des entreprises dont l’enregistrement est incomplet. Complétez la ou les inscriptions pour procéder à la demande","1478":"La principale société d’exploitation n’a pas été identifiée. Sélectionnez la société d’exploitation principale.","1492":"Le service sélectionné n’est pas exécuté pour le type d’entreprise.","1493":"Voulez-vous soumettre l’inscription au conseil d’administration de l’hôtel?","1494":"L’enregistrement de l’entreprise n’a pas été finalisé. Pour demander le service, vous devez compléter l’enregistrement de l’entreprise.","1495":"Mettez à jour les données d’entreprise et demandez à nouveau le service.","1496":"Le projet est déjà lié à une demande de permis de la licence de l’industrie hôtelière et autres. Sélectionnez une autre entreprise.","1497":"Il est obligatoire de sélectionner au moins un analyste.","1498":"Voulez-vous finaliser l’analyse pour soumettre les résultats au demandeur?","1502":"La date d’expiration doit être plus longue que la date d’émission.","1503":"Voulez-vous mettre à jour vos données d’entreprise ?","1504":"Voulez-vous soumettre la demande de révision?","1505":"Souhaitez-vous soumettre le résultat de la planification à l’organisme compétent?","1507":"Le comité a déjà un représentant classé comme registraire. Modifiez la note représentative pour enregistrer les informations.","1508":"La date indiquée n’est pas valide.","1509":"La société d’exploitation est déjà enregistrée auprès de l’entreprise.","1514":"L’enquête a été approuvée et a un calendrier. Supprimez la planification générée pour mettre fin au processus.","1515":"Pour terminer le processus, il est nécessaire d’effectuer le calendrier et d’attendre la confirmation.","1521":"Confirmez-vous que vous soumettez l’horaire à l’exploitant?","1525":"Entreprise enregistrée réussie. Réenregistrer l’entreprise pour garder les informations actives. Accédez au menu De réinscription des Services des Services.","1526":"Enterprise a été mis à jour. Souhaitez-vous soumettre l’enregistrement pour analyse par l’organisme compétent?","1527":"Service non enregistré. Retournez à l’enregistrement de l’entreprise, informez la société principale et demandez le service.","1529":"Après la mise à jour de l’enregistrement, il est nécessaire de terminer le processus en résumé, étape 4.","1543":"Confirmez-vous que vous changez la situation de planification en Réalisé?","1544":"Pourcentage de participation maximum de 100%.","1545":"La somme des pourcentages des sociétés d’exploitation est égale à 100 %.","1547":"Le responsable du projet doit être une personne physique.","1548":"Pour générer le document d’enquête, il est nécessaire de confirmer la conduite de l’enquête sur l’écran de planification.","1550":"L’enquête a été approuvée, supprimer le calendrier enregistré pour générer le document Auto de Visoria.","1551":"Pour générer le document d’inspection pré-automatique, il est nécessaire d’effectuer la planification de l’enquête.","1556":"Le protcolo doit réaliser un nouveau sondage pour finaliser l’avis.","1557":"Le calendrier en question est confirmé. Voulez-vous annuler l’horaire?","servico":{"erro_gerar_dli":"Une erreur s’est produite lors de la génération de l’IDD pour la demande."},"somente_pessoa_singular":"Seule la sélection de personnes physiques est autorisée.","somente_pessoa_singular_coletiva":"Seule la sélection de personnes physiques ou morales est autorisée.","titular_deve_ser_informado_representante":"Il est nécessaire d’informer le Titulaire pour l’inscription du Représentant.","validacao_exclusao_titular":"Voulez-vous exclure le titulaire de la poursuite et ses représentants?"},"orgao_dependente":{"ano_exercicio":"Année d’exercice","selecionar":"Sélectionnez l’organe dépendant","sem_contas_para_od_selecionada":"Il n’y a pas de comptes bancaires d’agrégation pour le corps de depentene sélectionné.","sem_orgaos_dependentes_ano":"Il n’y a pas d’organes dépendants pour l’année d’exercice {{ année }}.","sem_orgaos_dependentes_uo":"Il n’y a pas d’organismes dépendants pour l’unité budgétaire sélectionnée."},"parecer":{"mensagem":{"texto_substituido":"Le texte que vous avez entré sera remplacé par le modèle. Confirmez-vous l’action?"}},"reembolso":{"Ordem_saque":{"codigo_ordem_saque":"Code de l’Ordre du","data_emissao":"Date d’émission","data_pagamento":"Date de paiement","numero_bacancaria":"Numéro de banque","numero_os":"Numéro du système d’exploitation","titulo":"Ordre de sortie"},"menu":{"analise":{"titulo":"Analyse","tooltip":"Examiner la demande de remboursement"},"solicitacao":{"titulo":"Demander un remboursement","tooltip":"Gérer la demande de remboursement"}},"modulo":{"descricao":"Gestion des demandes de remboursement","titulo":"Remboursement"},"orgao_dependente":{"titulo":"Organe dépendant"},"solicitacao":{"cadastro":{"designacao_bancaria":{"agencia":"Agence","banco":"Banque","conta":"Compte","designacao":"Mission","iban":"IBAN","moeda_conta":"Devise du compte","pais":"Pays"},"despesa":{"data_deposito":"Date de dépôt","data_pagamento":"Date de paiement","data_transferencia":"Date de transfert","data_valor":"Date de dépense","documento":"Document","finalidade":"But","forma_pagamento_deposito_reembolso":"Remboursement","forma_pagamento_deposito_reembolso_retorno":"Rendre","msg_impostos_obrigatoriedade":"{\"error\":{\"code\":400000,\"message\":\"One of the request inputs is not valid.\"}}","msg_orgao_dependente_obrigatoriedade":"{\"error\":{\"code\":400000,\"message\":\"One of the request inputs is not valid.\"}}","numero_conta":"Numéro de compte","numero_deposito":"Numéro de dépôt","numero_gpt":"Numéro GPT","numero_tpa":"Numéro du document","seleciona_forma_pagamento":"Sélectionnez le mode de paiement ","validar_valor_depositado":"{{ placeholder_valor_depositado }} est inférieur à {{ placeholder_valor_retorno }} ","validar_valor_minimo":"La valeur doit être supérieure à zéro","validar_valor_reembolso":"Le montant à rembourser est supérieur au montant transféré","validar_valor_retorno":"{{ placeholder_valor_retorno }} est supérieur à {{ placeholder_valor_depositado }} ","valor_a_reebolsar":"Montant du remboursement","valor_depositado":"Montant du dépôt","valor_pago":"Montant payé","valor_retorno":"Valeur de retour","valor_transferido":"Valeur transférée"},"impostos":{"documento":"Taxe","tipoDocumento":"Type de taxe","titulo":"Impôts","valor":"valeur"},"titulo":"Enregistrement de remboursement"},"gerir_despesa":{"titulo":"Gérer les dépenses","titulo_tab":"Dépense"},"list":{"data_final":"Date de fin de la demande","data_incial":"Date de début de la demande","forma_pagamento":"Mode de paiement","nif":"Nº NIF","nif_solicitante":"NIF du demandeur","numero_protocolo":"Numéro de protocole","situacao":"Situation","sub_titulo":"Chercher","titulo":"Consultation sur le remboursement"},"protocolo":"Protocole n°","resumo":{"retorno":"Rendre","tipo_reembolso":"Type de remboursement"},"stepper":{"domicilio_bancario":{"titulo":"Maison bancaire","titulo_teceiro":"Maison bancaire tierce","titulo_transferencia":"Banque Ing Maison du Transfert"},"identificacao":{"resumo":"Résumé","solicitacao":"Demander","titulo":"Identification"},"protocolo_n":"Protocole n°","resumo":{"mensage_finalizar":"Finaliser l’enregistrement de la demande de remboursement?"}},"titulo":"Demander"}},"shared":{"administracao":"Administration","completo":"Complet","comuna":"Commune","configuracoes_conta":"Paramètres","confirmacao":"Confirmation","deseja_remover_registro":"Voulez-vous supprimer le registre?","disponivel":"Disponible","endereco":{"bairro":"Quartier","complemento":"Complément","comuna":"Commune","endereco":"Adresse","municipio":"Municipalité","numero":"Nombre","pais":"Pays","provincia":"Province","referencia":"Référence"},"ficheiro":{"anexos":"Fichiers","cancelar_uploads":"Annuler les téléchargements","data_operacao":"Date d’opération","iniciar_upload":"Démarrer le téléchargement","lbl_drag":"Faites glisser les fichiers ici ou cliquez sur Rechercher.","lbl_tamanho":"Taille maximale autorisée : {{size}} Ko","lbl_tipos":"Types de fichiers autorisés","msg":{"erro_upload_ficheiros":"Une erreur s’est produite lors du téléchargement des fichiers. Réessayez.","numero_maximo":"Limite maximale de fichiers dépassée","tamanho_excedido":"Taille maximale du fichier dépassée","timeout":"Réessayez plus tard","tipo_invalido":"Extension de fichier non valide"},"nome":"Nom du fichier","numero_maximo":"Nombre maximal de fichiers : {{maximo}}","procurar":"Rechercher","utilizador":"Nom d’utilisateur"},"foto_selecionar":"Choisir","legendas":"SOUS-TITRES","localidade":"Localité","modulos":{"administrativo":{"descricao":"Gérer les informations qui seront utilisées dans le contexte du système.","titulo":"Gérable"},"cemiterio":{"descricao":"Gérer les informations qui seront utilisées dans le contexte du système.","titulo":"Cimetière"},"concessao_direitos_fundiarios":{"descricao":"Gérer les informations qui seront utilisées dans le contexte du système","titulo":"Droits fonciers"},"fiscalizacao":{"descricao":"Gérer les informations qui seront utilisées dans le contexte du système.","titulo":"Surveillance"},"solicitacao_servicos":{"descricao":"Gérer les informations qui seront utilisées dans le contexte du système.","titulo":"Demande de service"},"titulo":"Modules"},"municipio":"Municipalité","nao":"Non","perfil":"Profil","pesquisar_funcionario":{"nome_agente":"Nom de l’agent","nu_agente":"Numéro d’agent","titulo":"Rechercher un agent public"},"provincia":"Province","remover":"Enlever","sair_sistema":"Sors","sim":"Oui","sistema":{"titulo":"Portal do Munícipe"},"sobre":"Sur"},"shared_cadastro":{"campo_invalido":"Champ non valide","contacto":{"comercial":"Téléphone commercial","comercial_email_obrigatorio":"Un téléphone et un e-mail commerciaux sont requis.","comercial_obrigatorio":"Un téléphone et un e-mail commerciaux sont requis.","email":"Courrier électronique","residencial":"Téléphone à domicile","telemovel":"Téléphone mobile","title":"Contact","title_responsavel":"Contacts du propriétaire"},"correio_invalido":"Courrier électronique non valide","ddi":"L'","dli":{"dt_venc":"Échéance","emitir":"Problème GPT","guias":"Guides de paiement","nu_dli":"N° GPT","nu_rup":"Nº ROUPIE","recibo":"Preuve de paiement","st_dli":"Situation","valor_total":"Valeur totale"},"notificacoes":{"assunto":"Objet","notificacoes_mais_antigas":"Notifications plus anciennes","parecer":"Sembler"},"protocolo":"Protocole","tipo_de_contacto":"Contact Type"},"sigtur":{"agendamento":{"agendamentos":"Horaires","agendar_vistoria":"Planifier l’enquête","confirmar_agendamento":"Confirmer la planification","confirmar_agendamento_vistoria":"Confirmer la date du calendrier de l’enquête","data_agendamento_vistoria":"Date de planification de l’inspection","data_vistoria":"Date de l’enquête","horario_vistoria":"Calendrier de l’enquête","mensagem_cancelamento":"La programmation de l’enquête a été annulée par l’organisme touristique compétent et un nouveau rendez-vous sera pris plus tard.","motivo":"Motif","motivo_recusa":"Entrez la raison du refus","situacao_agendamento":"Situation de planification","solicitante":"Demande","titulo":"Planification","vistoria_realizada":"Enquête menée"},"assinatura":{"confirmar_assinatura":"Confirmer l’abonnement","confirmar_assinatura_mensagem":"Confirmer la signature du document?","data_assinatura":"Date de signature"},"coleta_localizacao":{"confrontacoes":"Confrontations","ds_leste":"Confrontation de la terre - Ceci","ds_nordeste":"Confrontation de la Terre - Nord-Est","ds_noroeste":"Land Confrontation - Nord-Ouest","ds_norte":"Confrontation de la Terre - Nord","ds_oeste":"Confrontation de la Terre - Ouest","ds_sudeste":"Confrontation de la terre - Sud-Est","ds_sudoeste":"Land Confrontation - Sud-Ouest","ds_sul":"Confrontation de la Terre - Sud","informar_coordenadas":"Signaler les coordonnées géographiques","titulo":"Coordonnées géographiques","tp_coleta":"Système de référence","valida_coordenadas_geograficas":"Les coordonnées géographiques sont obligatoires"},"comissao_vistoria":{"pagamento":"Enregistrer le paiement","rep_funcao":"Fonction","rep_orgao":"Organe","representante":"Représentant","retornar_lista":"Retour à la liste","titulo":"Personnel","visualizar":"Personnel","vl_pagamento":"Montant du paiement"},"contribuinte":{"nif":"FIV du contribuable","nome":"Contribuable","numero":"Contribuable NIF/BI","tipo_de_pessoa":"Type de personne"},"distribuicao":{"atribuir":"Affecter un utilisateur","finalizar":"Confirmez-vous la fin de cette phase ?","nome_utilizador":"Nom","titulo":"Distribuer","user_name":"Utilisateur","utilizadores_atribuidos":"Utilisateurs affectés"},"doc_vistoria":{"dt_agendamento":"Date de la visite","fl_recomendacao":"Il y a une recommandation","gerar":"Générer une enquête automatique","gerar_pre":"Générer une enquête pré-automatique","nu_vistoria":"N° d’enquête","st_vistoria":"Situation de l’enquête","titulo":"Enquête","visualizar":"Afficher l’auto de l’enquête","visualizar_pre":"Afficher l’aperçu de l’enquête"},"documento":{"download_documento":"Télécharger le document","emitir_documento":"Document d’émission"},"empreendimento":{"anexo":{"titulo":"Annexe du terrain"},"cadastrar":"Registre","caracteristicas":"Fonctionnalités","classificacao":"Classification","data_incricao_matriz_predial":"Date d’inscription dans la matrice du bâtiment","descricao":"Terrain Module","detalhar_registo":"Enregistrement détaillé","dt_emissao":"Date d’émission","dt_regularizacao_terreno":"Date de régularisation des terres","dt_validade":"Échéance","editar_regsito":"Modifier le journal","endereco":{"titulo":"Adresse du terrain"},"existe_aproveitamento_util_do_terreno":"Y a-t-il une utilisation utile de la terre?","finalizar_registo_com_solicitacao":"Finaliser l’enregistrement foncier et créer la demande?","finalizar_registo_sem_solicitacao":"Terminer la rectification du terrain?","hint_numero_alvara":"Entrez uniquement le numéro et l’année du permis","identificacao":"Identification","identificacao_analise":"Terrain Identification","link":"Terrain","listar_registos":"Liste des enregistrements","nome":"Titre foncier","nomeImovel":"Description de la propriété","nome_terreno":"Identificateur de terrain","nu_matriz_predial":"Numéro de matrice du bâtiment","num_artigo_matricial":"N° d’article de Matrix","num_artigo_matricial_anterior":"Article précédent sur Matrix","num_processo_sisa":"Pas de processus Sisa","num_processo_sucessoes_doacoes":"Nº Processus de succession et de dons","num_registro_conservatorio":"Pas de registre","numero_registro":"N° de terrain","pesquisa":"Chercher","protocolo":"N° de licence de licence","qtd_funcionarios":"Nombre d’utilisateurs","qtd_quartos":"Nombre de chambres","registar":"Registre","responsavel":{"nif":"NIF du demandeur","nome":"Nom du demandeur"},"situacao":"Situation","situacao_estabelecimento":"Situation de l’établissement","tipo":"Terrain Type","tipologia":"Typologie","titulo":"Terre","titulo_terreno":"Titre foncier","tp_grupo":"Type de groupe"},"empresa":{"declarante":"Déclarant","endereco_sede":"Adresse du domicile","exploradora":"Propriétaire","identificacao":"Identification","localidade":"Localité","localidade_nascimento":"Localité de Nascimento","morada_actual":"Adresse actuelle","nif":"NIF","nome":"Nom","percentual":"% de participation","principal":"Primaire","representante":{"representante":"Représentant","representantes":"Représentants","repressentantes_assinatura":"Responsable des signatures de documents","repressentantes_confirma_assinatura":"Confirmez-vous la sélection des titulaires et des représentants qui signeront le document?","tipo_representante":"Type de représentant"},"retornar_lista":"Liste de retour","situacao_perc_registo":{"completo":"Inscription complète","incompleto":"Inscription incomplète","situacao":"Statut de l’enregistrement"},"solicitante":"Demande","tipo_declarante":"Déclaration du type","titular":{"marcar_desmarcar":"Sélectionner tout","nif":"NIF du titulaire","nome":"Nom du titulaire","titular":"Titulaire","titular_do_terreno":"Propriétaire foncier"},"titulares":"Détenteurs","titulo":"Demander","vl_capital_social":"Valeur du capital social"},"especificacao":{"titulo":"Spécifications"},"ficheiro":{"anexos":"Pièces jointes","documentos":"Documents","titulo":"Fichiers"},"forca_trabalho":{"homens_expatriados":"Qtd. Hommes expatriés","homens_nao_qualificados":"Qtd. travailleurs masculins non qualifiés","homens_qualificados":"QTD. travailleurs qualifiés pour hommes","mulheres_expatriadas":"Qtd. femmes expatriées","mulheres_nao_qualificadas":"Qtd. travailleuses non qualifiées","mulheres_qualificadas":"Qtd. travailleuses qualifiées","titulo":"Personnel","total_homens":"Qtd. Total des travailleurs masculins","total_mulheres":"Qtd. Total des travailleuses"},"licenciamento":{"analisar":"Analyser","autorizo":"J’autorise MUNICIPE à partager les informations sur le terrain sur le portail Municipe après la délivrance du service","consultar":"Consulter","dataDaSolitacao":"Date de la demande","dataDeEmissao":"Date d’émission","descricao":"Service Module","despachar":"Dépêche","documentos":"Documents","empreendimento":"Terrain","licenca_de_importacao_form":{"contacto":"Contact"},"link":"Demander","periodoValidade":"Demande Periodum","pesquisa":"Chercher","responsavel":{"nif":"NIF du demandeur","nome":"Nom du demandeur"},"solicitacao":{"fase":"Phase","nu_protocolo":"Protocole n°","situacao":"Situation","titulo":"Demander"},"terreno":"Alvara Service","tipos":"Type de service","titulo":"Service","tool_tip":"Fonctionnalité des services","validar":"Valider"},"orgao_externo":{"fl_comissao_vistoria":"Enregistrer le paiement","fl_parecer":"Enregistrer le paiement","fl_permite_alterar":"Vous permet-il de modifier les informations ?","nu_protocolo":"Protocole n°","rep_orgao":"Organe","representante":"Représentant","retornar_lista":"Retour à la liste","solicitacao":"Demandes de l’Agence externe","solicitacoes":"Requêtes","st_solicitacao":"Statut de la demande","titulo":"Commission d’enquête","titulo_orgao":"Organe externe","vl_ordem_servico":"Enregistrer le paiement","vl_pagamento":"Montant du paiement"},"parecer":{"historico":"Historique des opinions","parecer_consolidado":"Avis consolidé","prazo_concessao":"Date limite de concession","prazo_renovacao":"Date limite de renouvellement","prazo_renovacao_concessao":"Période de renouvellement de la concession","titulo":"Sembler","titulo_dec":"Décision","valor_efectivo":"Valeur effective","valor_sugerido":"Valeur suggérée","visualizar":"Visualiser","visualizar_hst":"Opinions"},"portal_sisp":{"descricao":"Description","nome":"Organe","sigla":"Acronyme"},"recomendacao":{"adicionar":"Recommandations Adionar","descricao":"Recommandation","recomendacao":"Recommandation","requisitos_atendidos":"Les exigences requises par les décrets exécutifs n° 36/16 du 15 février et 1/16 du 4 janvier ont été remplies ","retornar_lista":"Liste de retour","titulo":"Recommandations"},"responsavel":{"contacto":"Contact propriétaire","nif":"Nº NIF","nome":"Nom du demandeur","titulo":"Propriétaire"},"resumo":{"descricao":"Résumé foncier","titulo":"Résumé"},"servico":{"analise":{"titulo":"Analyse des services"},"cadastrar":"Registre","decisao":"Prenez une décision :","descricao":"Service Description","editar_solicitacao":"Modifier la demande","especificacao":"Caractéristiques du terrain","nome":"Service","servico":"Service","situacao":"Transférer à :","titulo":"Services"},"solicitante":{"titulo":"Demande","titulo_analise":"Chercheur de terres"},"tipos_direito":{"titulo":"Type de loi"},"vistoria":{"gerar_auto":"Générer une enquête automatique","gerar_preauto":"Générer une enquête pré-automatique","titulo":"Enquête","visualizar_auto":"Afficher l’auto de l’enquête","visualizar_preauto":"Afficher l’aperçu de l’enquête"}},"sinalizador":{"deferida":"Différé","encaminhado":"Transmis","indeferida":"Rejeté","retornada":"Retourné"},"unidade_orcamental":{"ano_exercicio":"Année d’exercice","selecionar":"Sélectionnez l’unité budgétaire","sem_unidades_orcamentais_ano":"Il n’y a pas d’unités orcmentales pour l’année d’exercice {{ année }}.","unidade_orcamental":"Unité budgétaire"},"validar_documento":{"documento_valido":"Document valide","dt_emissao":"Date d’émission","dt_solicitacao":"Date de la demande","no_contribuinte":"Nom du contribuable","nova_busca":"Effectuer une nouvelle recherche","nu_contribuinte":"NIF du demandeur","protocolo_nao_encontrado":"Le numéro de protocole signalé est introuvable","titulo":"Valider les documents"}}