{
	"admin": {
		"cemiterio": {
			"cemiterio": {
				"form": {
					"indice": "Índice",
					"local": "Local",
					"nome": "Nome",
					"sigla": "Sigla",
					"titulo": "Cadastro de Cemitério"
				},
				"form_id": {
					"descarregar_gpt": "Descarregar GPT",
					"titulo": "Detalhar Cemitério"
				},
				"list": {
					"data_solicitacao": "Data da Solicitação",
					"nif_solicitante": "NIF do Solicitante",
					"nome": "Nome",
					"sigla": "Sigla",
					"solicitante": "Solicitante",
					"titulo": "Consulta de Cemitérios"
				},
				"titulo": "Cemitério"
			},
			"servico": {
				"form": {
					"cemiterio": "Cemitério",
					"dataCerimonia": "Data da Cerimónia",
					"documento": "Documento",
					"horaCerimonia": "Hora da Cerimónia",
					"tipoDocumento": "Tipo de Serviço",
					"titulo": "Cadastro de Solicitação Serviços"
				},
				"form_id": {
					"dados_financeiros": "Dados Financeiros",
					"dados_servico": "Dados do Serviço",
					"dados_solicitacao": "Dados da Solicitação",
					"nu_entidade": "Entidade Nº",
					"titulo": "Consultar Solicitação de Serviço",
					"valor_rupe": "Valor",
					"vencimento": "Vencimento"
				},
				"list": {
					"cemiterio": "Cemitério",
					"dataSolicitacaoFinal": "Data Final (Solicitação)",
					"dataSolicitacaoInicial": "Data Inicial (Solicitação)",
					"titulo": "Listar Solicitação de Serviços"
				},
				"titulo": "Serviço"
			}
		},
		"comum": {
			"agente_publico": "Agente Público",
			"bairro": "Bairro",
			"comuna": "Distrito/Comuna",
			"morada": "Morada",
			"municipio": "Município",
			"nu_documento": "Nº Documento",
			"pesquisa_avancada": "Pesquisa Avançada",
			"pesquisa_simples": "Pesquisa Simples",
			"provincia": "Província",
			"referencia": "Referência"
		},
		"coordenadas": {
			"cood_latitude": "N/S",
			"cood_longitude": "W/O",
			"coordenadas": "Coordenadas",
			"grau_latitude": "Grau º",
			"grau_longitude": "Grau º",
			"graus_decimais": "GD (graus decimais)",
			"graus_minutos_segundos": "GMS (graus, minutos e segundos)",
			"informar_coordenadas": "Informar coordenadas geográficas",
			"latitude": "Latitude",
			"leste": "Este",
			"longitude": "Longitude",
			"minuto_latitude": "Minutos",
			"minuto_longitude": "Minutos",
			"norte": "Norte",
			"nu_ordem": "Nº Ordem",
			"oeste": "Oeste",
			"segun_latitude": "Segundos",
			"segun_longitude": "Segundos",
			"sul": "Sul",
			"valida_coordenadas_geograficas": "Coordenadas Geográficas é obrigatório",
			"valida_nu_ordem": "Ordem já informada anteriormente, por favor informe outra Ordem."
		},
		"fiscalizacao": {
			"DENUN": {
				"form": {
					"iban": "IBAN",
					"titulo": "Registar Denúncia"
				},
				"form_id": {
					"titulo": "Editar/Consultar Denúncia"
				},
				"list": {
					"assunto": "Assunto",
					"data_entrega": "Data Entrega",
					"data_fim": "Data Final",
					"data_inicio": "Data Inicial",
					"data_limite_entrega": "Data Limite para Entrega",
					"data_solicitacao": "Data da Solicitação",
					"denunciado": "Denunciado",
					"documento": "Documento",
					"documentos_disponiveis": "Documentos disponíveis",
					"outro": "Nome do Documento",
					"situacao": "Situação",
					"titulo": "Consultar Denúncia"
				},
				"stepper": {
					"analise": {
						"analisar": "Analisar",
						"apta": "Denúncia apta",
						"area_fiscalizacao": "Área de Fiscalização",
						"declaracao": "Declaração",
						"descritivo_diario": "Descritivo do registo diário",
						"grau_prioridade": "Grau de Prioridade",
						"observacao": "Observação",
						"titulo": "Análise do Facto"
					},
					"comum": {
						"concluir_analise": "Concluir Análise",
						"concluir_denuncia": "Concluir Denúncia",
						"concluir_solicitacao": "Concluir Solicitação"
					},
					"contacto": {
						"email": "Correio electrónico",
						"tipo": "Tipo de contacto"
					},
					"denuncia": {
						"titulo": "Denunciante"
					},
					"factos": {
						"identificacao": {
							"assunto": "Assunto",
							"descricao_fatos": "Descrição dos Factos",
							"identificado": "Registo Identificado",
							"informar_nif": "Informar o Nº do NIF",
							"morada_fato": "Morada do Facto",
							"nome_denunciante": "Nome do Denunciante",
							"titulo": "Identificação"
						},
						"morada": {
							"titulo": "Local"
						},
						"testemunhas": {
							"adicionar_testemunha": "Registar Testemunha",
							"testemunha": "Testemunha",
							"titulo": "Testemunha"
						},
						"titulo": "Facto"
					},
					"solicitacao_externa": {
						"titulo": "Identificação"
					},
					"solicitacao_interna": {
						"titulo": "Identificação"
					}
				},
				"titulo": "Denúncia"
			},
			"INT": {
				"form": {
					"solicitante": "Solicitante",
					"titulo": "Registar Participação Interna"
				},
				"form_id": {
					"titulo": "Editar/Consultar Participação Interna"
				},
				"list": {
					"titulo": "Consultar Participações Internas"
				},
				"titulo": "Participação Interna"
			},
			"OE": {
				"form": {
					"data_solicitacao": "Data da Solicitação",
					"determinacao_judicial": "Determinação Judicial",
					"orgao": "Órgão",
					"titulo": "Registar Participação Externa"
				},
				"form_id": {
					"titulo": "Editar/Consultar Participação Externa"
				},
				"list": {
					"titulo": "Consultar Participações Externas"
				},
				"titulo": "Participação Externa"
			},
			"PLAN": {
				"form": {
					"solicitante": "Solicitante",
					"titulo": "Registar Planeamento"
				},
				"form_id": {
					"titulo": "Editar/Consultar Planeamento"
				},
				"list": {
					"titulo": "Consultar Planeamentos"
				},
				"titulo": "Planeamento"
			},
			"comum": {
				"agente": "Nº Agente",
				"area_fiscalizacao": "Área de Fiscalização",
				"banco_agencia_conta": "Banco: {{ noBanco }} - Agência: {{ noAgencia }} - Conta: {{ nuContaCorrente }}",
				"bi": "BI",
				"codigo": "Código",
				"conta_bancaria": "Conta Bancária",
				"contribuinte_nao_encontrado": "Contribuinte não localizado",
				"em_elaboracao": "Em Elaboração",
				"flactivo": "Activo",
				"forma_pgto_comissao": "Forma recebimento comissão",
				"iban": "Nº IBAN",
				"iban_label": "Banco: {{ noBanco }} - Agência: {{ noAgencia }} - Conta: {{ nuContaCorrente }} - IBAN: {{ iban }}",
				"inactivo": "Inativo",
				"informar_iban": "Informar um IBAN",
				"nao_informar_iban": "Não Informar uma conta",
				"nif": "NIF",
				"nif_denunciado": "NIF do denunciado",
				"nome_denunciado": "Nome do denunciado",
				"nome_fiscal": "Fiscal",
				"numero_agente": "Número do agente",
				"numero_ordem_tarefa": "Nº Ordem de Serviço",
				"origem_denuncia": "Origem do Facto",
				"protocolo": "Protocolo",
				"selecionar_conta": "Seleccionar conta bancária",
				"situacao": "Situação",
				"tipo_pessoa": "Pessoa"
			},
			"fato": {
				"cancelado_em": "Cancelado em",
				"cancelado_por": "por",
				"justificar_cancelamento": "Justificativa do Cancelamento",
				"motivo_cancelamento": "Motivo do Cancelamento"
			},
			"funcao_de_fiscal": {
				"form": {
					"agente_publico": "Agente Público",
					"area_fiscal": "Área Fiscal de Actuação",
					"dados_gerais": "Dados Gerais",
					"fiscal_ja_registado": "Fiscal já registado com o {{ documento }} {{ documento_numero }} na localidade {{preposicao}} {{ localidade }}",
					"fiscal_pessoa_singular": "Permitido somente o registo de Pessoa Singular",
					"titulo": "Atribuir Função de Fiscal"
				},
				"form_id": {
					"titulo": "Detalhar Função de Fiscal"
				},
				"list": {
					"documento": "Nº Documento",
					"nome": "Nome do Fiscal",
					"tipo_documento": "Tipo do Documento",
					"titulo": "Consultar Função de Fiscal"
				},
				"modal": {
					"detalhar": {
						"titulo": "Detalhar Função Fiscal"
					}
				},
				"pesquisar_fiscais": "Pesquisar Fiscais",
				"titulo": "Função de Fiscal"
			},
			"ocorrencia_de_fiscalizacao": {
				"form": {
					"titulo": "Registar Ocorrência de Fiscalização"
				},
				"form_id": {
					"titulo": "Detalhar Ocorrência de Fiscalização"
				},
				"list": {
					"area_fiscalizacao": "Área de Fiscalização",
					"entidade": "Entidade",
					"numero": "Nº Ocorrência de Fiscalização",
					"ordem_tarefa": "Ordem de Serviço",
					"titulo": "Consultar Ocorrências de Fiscalização"
				},
				"mensagens": {
					"activar_fiscal": "Deseja activar o fiscal?",
					"inativar_fiscal": "Deseja inactivar o fiscal?",
					"inativar_fiscal_com_ocorrencia_cadastrada": "Fiscal possui ocorrências de fiscalização iniciadas e não finalizadas. Deseja inativá-lo?"
				},
				"stepper": {
					"auto_de_noticia": {
						"auto_de_noticia": {
							"form": {
								"autuado": "Autuado",
								"confirma_solicitar_parcelamento": "Confirma a solicitação do Parcelamento?",
								"infracao": "Infração",
								"multaTransgressao": "Multa da Transgressão",
								"parcelar_multa": "Parcelamento da Multa",
								"quantidade_parcela": "Quantidade de Parcelas. Min: {{ min }}. Máx: {{ max }}",
								"solicitar_parcelamento": "Solicitar Parcelamento",
								"termoLegislacao": "Termo de Legislação"
							},
							"list": {
								"confirmar_solicitacao": "Confirma a solicitação de homologação do Auto de notícia ?",
								"emitir_auto_noticia": "Emitir Auto de Notícia",
								"gerir_auto_noticia": "Gerir Auto de Notícia",
								"gerir_auto_transgressao": "Gerir Auto de Transgressão",
								"homologar": "Homologar",
								"homologar_EHML": "Homologar",
								"homologar_EMIT": "Detalhar",
								"homologar_HML": "Detalhar",
								"numero": "Nº Auto de Notícia",
								"parcela_unica": "Parcela Única",
								"situacao": "Situação",
								"solicitar_homologacao": "Solicitar Homologação",
								"valorTransgressao": "Valor Da Transgressão"
							},
							"titulo": "Auto de Notícia"
						},
						"parecer": {
							"deferir": "Deferir Parecer",
							"form": {
								"data_conclusao": "Data e Hora Conclusão",
								"descritivo": "Descritivo",
								"nome_adm_responsavel": "Nome do Administrador Responsável"
							},
							"list": {
								"dataGeracao": "Data a Geração",
								"dataParecer": "Data",
								"descritivo_parecer": "Descritivo do Parecer",
								"detalharAuto": "Detalhar Auto de Notícia",
								"nomeresponsavel": "Nome do Proprietário pelo Parecer",
								"situacaoParecer": "Situação do Parecer"
							},
							"titulo": "Parecer de Homologação"
						},
						"titulo": "Auto de Notícia"
					},
					"auto_de_transgressao": {
						"dados_gerais": {
							"data_geracao": "Data da Geração",
							"fiscal_responsavel": "Fiscal Responsável",
							"numero_gpt": "Número da GPT",
							"numero_rupe_guia_pagamento": "Número RUPE da Guia de Pagamento",
							"valor_total_multa": "Valor Total da Multa"
						},
						"decisao": {
							"concorda_valores": "Concorda com os valores sugeridos ?",
							"confirma_valores_informados": "Os valores das multas informados serão descartados. Confirma ?",
							"titulo": "Decisão"
						},
						"guias": {
							"anexar_comprovativo": "Anexar Comprovativo da Solicitação do Parcelamento",
							"aprova_solicitacao_parcelamento": "Aprovação da Solicitação do Parcelamento",
							"data_emissao": "Data de Emissão",
							"data_vencimento": "Data de Vencimento",
							"data_vencimento_guia": "Data de Vencimento da Guia",
							"entrada": "Entrada",
							"gerar_parcelas": "Gerar Parcelas",
							"guias": "Guias de Pagamentos",
							"nu_parcela": "Número da Parcela",
							"numero_guia": "Nº Guia",
							"percentual_entrada": "Percentual de Entrada",
							"restante_parcela": "Restante",
							"rupe": "Número RUPE",
							"solicitar_parcelamento": "Solicitar Parcelamento",
							"soma_parcela": "Valor Informado",
							"tipo_parcelamento": "Parcela Fixa",
							"valor_entrada": "Valor de Entrada",
							"valor_guia": "Valor da Guia",
							"valor_parcela": "Valor da Parcela"
						},
						"list": {
							"a_decidir": "Decidir",
							"confirma_altercao_situacao": "Confirma alterar situação da Solicitação para {{ situacao }}?",
							"confirma_altercao_situacao_auto_transgressao": "Confirma alterar situação do Auto de Transgressão para {{ situacao }}?",
							"emitir_auto_transgressao": "Emitir AT",
							"emitir_comprovativo": "Emitir Comprovativo",
							"emitir_decisao_final": "Emitir Decisão Final",
							"emitir_gpt": "Emitir GPT",
							"gerir_gpt": "Gerir Guia de Pagamentos",
							"gerir_gpt_resumno": "Gerir GPT",
							"numero": "Nº Auto de Transgressão",
							"reemitir_gpt": "Reemitir GPT",
							"registar_reuniao": "Registar Audiência Prévia",
							"solicitar_decisao": "Solicitar Decisão",
							"valor_sugerido": "Valor Sugerido",
							"valor_transgressao": "Valor da Transgressão"
						},
						"reuniao": {
							"data_reuniao": "Data da Reunião",
							"descritivo_reuniao": "Descritivo da Reunião"
						},
						"titulo": "Auto de Transgressão"
					},
					"documentos": {
						"titulo": "Documentos"
					},
					"finalizar": {
						"titulo": "Finalizar Ocorrências de Fiscalização"
					},
					"ocorrencia": {
						"accao": {
							"aplicou_notificacao": "Aplicou Notificação",
							"data_acao": "Data da Acção",
							"data_limite_comparecimento": "Data Limite de Comparecimento",
							"descricao_acao": "Descrição da Acção Fiscalizatória",
							"exige_comparecimento": "Exige Comparecimento",
							"exige_documentos": "Exige Apresentação de Documentos",
							"horario": "Horário",
							"notificacao_vinculada": "Notificação Vinculada",
							"numero_notificacao": "Nº Notificação",
							"numero_notificacao_vinculada": "Nº da Notificação Vinculada",
							"titulo": "Acção de Fiscalização"
						},
						"actividades": {
							"aplicou_notificacao": "Aplicou Notificação",
							"data_acao": "Data da Acção",
							"data_limite_comparecimento": "Data Limite de Comparecimento",
							"descricao_acao": "Descrição da Acção Fiscalizatória",
							"exige_comparecimento": "Exige Comparecimento",
							"exige_documentos": "Exige Apresentação de Documentos",
							"horario": "Horário",
							"notificacao_vinculada": "Notificação Vinculada",
							"numero_notificacao": "Nº Notificação",
							"numero_notificacao_vinculada": "Nº da Notificação Vinculada",
							"titulo": "Actividades de Fiscalização"
						},
						"documentos": {
							"list": {
								"data_limite_entrega": "Data Limite Entrega",
								"data_solicitacao": "Data Solicitação",
								"documento": "Documento",
								"registar_entrega": "Registar Entrega"
							},
							"titulo": "Documentos Solicitados"
						},
						"entidade": {
							"titulo": "Entidade"
						},
						"local": {
							"titulo": "Local"
						},
						"ordem_tarefa": {
							"titulo": "Pesquisar Ordem de Serviço"
						},
						"parecer": {
							"titulo": "Parecer"
						},
						"relatorios": {
							"descritivo": "Descritivo das Actividades",
							"list": {
								"data_registo": "Data do Registo"
							},
							"tipo_actividade": "Tipo da Actividade",
							"titulo": "Actividades Fiscalização"
						},
						"titulo": "Identificação"
					},
					"parecer_do_fiscal": {
						"legislacoes": {
							"alinea": "Alínea",
							"alineas": "Alíneas",
							"artigo": "Artigo",
							"form": {
								"adicionar_termo": "Adicionar um novo Termo da Legislação",
								"alterar_parecer": "Alterar Parecer",
								"alterar_parecer_confirmacao": "A situação da Ocorrência será revertida para permitir a alteração. Confirma a acção?",
								"existe_parecer_cancelado": "Importar as informações do Parecer do Fiscal Nº {{ cdAdmOcorrRegistro }} na situação {{ dsStAdmOcorrRegistro }}",
								"existe_parecer_em_elaboracao": "Já existe um Parecer do Fiscal Nº {{ cdAdmOcorrRegistro }} na situação {{ dsStAdmOcorrRegistro }}. Deseja editar este registo ?",
								"termo_da_legislacao": "Informar o Termo da Legislação",
								"valor_efectivo": "Valor Efectivo",
								"valor_maximo_lei": "Valor máximo Lei",
								"valor_maximo_sugerido": "Valor máximo sugerido",
								"valor_minimo_lei": "Valor mínimo Lei",
								"valor_minimo_sugerido": "Valor mínimo sugerido",
								"valor_multa": "Valor da Multa",
								"valor_parecer_fiscal": "Valor Parecer",
								"valor_sugerido": "Valor Sugerido"
							},
							"legislacao": "Legislação",
							"legislacoes_infracao": "Infração de acordo com as Leis",
							"lei": "Lei",
							"titulo": "Legislações"
						},
						"titulo": "Parecer do Fiscal",
						"transgressao": {
							"constata_transgressao": "Constata Transgressão",
							"crime": "Crime",
							"crime_descricao": "Descrição do Indício de Crime",
							"crime_indicio": "Indício de Crime",
							"descricao": "Descriçao da Transgressão",
							"titulo": "Transgressão"
						}
					},
					"situacoes": {
						"a_ancerrar": "A Encerrar",
						"finalizar_analise": "Finalizar Análise",
						"finalizar_auto_noticia": "Finalizar Auto de Notícia",
						"finalizar_cadastro": "Finalizar Cadastro",
						"finalizar_ocorrencia": "Finalizar"
					}
				},
				"titulo": "Ocorrência de Fiscalização"
			},
			"ordem_de_tarefa": {
				"form": {
					"titulo": "Registar Ordem de Serviço"
				},
				"form_id": {
					"titulo": "Consultar Ordem de Serviço"
				},
				"list": {
					"coordenador": "Coordenador",
					"nif_fiscalizada": "NIF da entidade fiscalizada",
					"nif_ou_nome_entidade_fiscalizada": "NIF ou nome da entidade fiscalizada",
					"nome_coordenador": "Nome do Coordenador da Brigada",
					"nome_entidade_fiscalizada": "Nome da entidade fiscalizada",
					"numero": "Número",
					"protocolo_denuncia": "Nº Protocolo do Facto",
					"situacao": "Situação",
					"titulo": "Consultar Ordem de Serviço"
				},
				"stepper": {
					"brigada": {
						"coordendor": "Coordenador",
						"titulo": "Brigada do Agente"
					},
					"comum": {
						"concluir_ordem": "Concluir Ordem de Serviço",
						"confirma_finalizacao_ocorrencia": "Confirma a finalização da Ocorrência de Fiscalização?",
						"confirma_finalizacao_ocorrencia_exige_comparecimento": "Ocorrência exige comparecimento em {{data}}. Confirma a finalização da Ocorrência de Fiscalização?",
						"confirma_finalizacao_parecer": "Confirma a finalização do Parecer?",
						"confirma_finalizacao_registo": "Confirma a finalização do Registo?"
					},
					"identificacao": {
						"add_fatos_fiscalizacao": "Adicionar Factos para Fiscalização",
						"cadastrar_facto": "Factos para Acção Fiscalizadora",
						"complementar": "Complementar",
						"complementar_descricao": "Complementar Facto para Fiscalização",
						"dados_basicos": "Dados Básicos",
						"entidade": "Entidade",
						"fatos_complementar": "Complementar Facto",
						"fatos_fiscalizacao": "Factos para Fiscalização",
						"local": "Local",
						"numero_facto": "Nº Facto",
						"titulo": "Identificação",
						"tpAdmFatoFiscal": "tpAdmFatoFiscal"
					}
				},
				"titulo": "Ordem de Serviço"
			}
		},
		"menu": {
			"cemiterio": {
				"cadastro": {
					"titulo": "Cadastro",
					"tooltip": "Cadastro"
				},
				"cemiterio": {
					"titulo": "Cemitério",
					"tooltip": "Cemitério"
				},
				"emissao": {
					"titulo": "Emissão",
					"tooltip": "Emissão"
				},
				"parecer": {
					"titulo": "Parecer",
					"tooltip": "Parecer"
				},
				"servico": {
					"titulo": "Serviço",
					"tooltip": "Serviço"
				},
				"solicitacao": {
					"titulo": "Solicitação",
					"tooltip": "Solicitação"
				},
				"titulo": "Cemitério"
			},
			"fiscalizacao": {
				"denuncia": {
					"titulo": "Denúncia",
					"tooltip": "Denúncia"
				},
				"facto": {
					"titulo": "Facto",
					"tooltip": "Facto"
				},
				"funcao_de_fiscal": {
					"titulo": "Função de Fiscal",
					"tooltip": "Função de Fiscal"
				},
				"historico_transgressao": {
					"historico": {
						"titulo": "Histórico de Transgressões",
						"tooltip": "Histórico de Transgressões"
					},
					"listagem": {
						"titulo": "Entidade"
					},
					"transgressao": {
						"titulo": "Transgressão",
						"tooltip": "Transgressão"
					}
				},
				"ocorrencia_de_fiscalizacao": {
					"submenus": {
						"acao_fiscalizacao": {
							"titulo": "Acção da Fiscalização",
							"tooltip": "Acção da Fiscalização"
						},
						"actividades_fiscalizacao": {
							"titulo": "Actividades de Fiscalização",
							"tooltip": "Actividades de Fiscalização"
						},
						"auto_noticia": {
							"titulo": "Auto de Notícia",
							"tooltip": "Auto de Notícia"
						},
						"auto_transgressao": {
							"titulo": "Auto de Transgressão",
							"tooltip": "Auto de Transgressão"
						},
						"finalizar": {
							"titulo": "Finalizar",
							"tooltip": "Finalizar"
						},
						"identificacao": {
							"titulo": "Identificação",
							"tooltip": "Identificação"
						},
						"parecer": {
							"titulo": "Parecer",
							"tooltip": "Parecer"
						}
					},
					"titulo": "Ocorrência de Fiscalização",
					"tooltip": "Ocorrência de Fiscalização"
				},
				"ordem_tarefa": {
					"titulo": "Ordem de Serviço",
					"tooltip": "Ordem de Serviço"
				},
				"planeamento": {
					"titulo": "Planeamento",
					"tooltip": "Planeamento"
				},
				"solicitacao_externa": {
					"titulo": "Participação Externa",
					"tooltip": "Participação Externa"
				},
				"solicitacao_interna": {
					"titulo": "Participação Interna",
					"tooltip": "Participação Interna"
				},
				"titulo": "Fiscalização",
				"titulo_edicao": "{{tpDenunciaLabel}} Nº {{numero}}"
			},
			"legislacao": {
				"lei": {
					"titulo": "Lei",
					"tooltip": "Lei"
				},
				"tipologia": {
					"titulo": "Tipologia",
					"tooltip": "Tipologia"
				},
				"titulo": "Legislação",
				"tooltip": "Legislação"
			},
			"praca": {
				"nome": "PRAÇA DE VENDAS",
				"tooltip": "Cadastro de Praças"
			},
			"solicitacao_servico": {
				"cadastro": {
					"titulo": "Cadastro",
					"tooltip": "Cadastro"
				},
				"emissao": {
					"titulo": "Emissão",
					"tooltip": "Emissão"
				},
				"parecer": {
					"titulo": "Parecer",
					"tooltip": "Parecer"
				},
				"servico": {
					"titulo": "Serviço",
					"tooltip": "Serviço"
				},
				"solicitacao": {
					"titulo": "Solicitação",
					"tooltip": "Solicitação"
				},
				"titulo": "Solicitação de Serviços"
			}
		},
		"municipal": {
			"emissao": {
				"list": {
					"dataSolicitacao": "Data da Solicitação",
					"documento": "Documento",
					"protocolo": "Protocolo",
					"situacao": "Situação",
					"titulo": "Consulta de Emissões"
				},
				"titulo": "Emissão"
			},
			"parecer": {
				"atribuir": {
					"titulo": "Atribuir Parecer"
				},
				"form": {
					"avaliar": "Confirma a Avaliação do Parecer?",
					"confirma_retornar_avaliar": "Confirma retornar para Avaliação?",
					"confirma_retornar_emissao": "Confirma retornar para Emissão?",
					"confirma_retornar_validar": "Confirma retornar para Validação?",
					"deferir": "Confirma Deferir o Parecer?",
					"emitir": "Confirma a Emissão do Parecer?",
					"indeferir": "Confirma Indeferir o Parecer?",
					"parecer_da_solicitacao": "Parecer da Solicitação",
					"proximo_nivel": "Confirma a análise do Registo?",
					"retornar_avaliar": "Retornar para Avaliação",
					"retornar_emissao": "Retornar para Emissão",
					"retornar_validar": "Retornar para Validação",
					"titulo": "Detalhar Parecer",
					"validar": "Confirma a Validação do Parecer?"
				},
				"list": {
					"dados_solicitacao": "Dados da Solicitação",
					"dataSolicitacao": "Data da Solicitação",
					"documento": "Documento",
					"editar_parecer": "Editar Parecer",
					"parecer_nivel": "Nivel",
					"protocolo": "Protocolo",
					"situacao": "Situação",
					"titulo": "Consulta de Parecer",
					"utilizador": "Registado por"
				},
				"titulo": "Parecer"
			}
		},
		"praca": {
			"administrador": "Administrador",
			"ativo": "Activo",
			"bairro": "Bairro",
			"cadastro": "Praça de Vendas",
			"complemento": "Complemento",
			"comuna": "Distrito/Comuna",
			"endereco": "Endereço",
			"funcionamento": "Funcionamento",
			"inativo": "Inactivo",
			"localizacao": "Localização",
			"morada": "Morada",
			"municipio": "Município",
			"nome": "Identificação",
			"pesquisa": "Praça de Vendas",
			"pontoReferencia": "Ponto de Referência",
			"provincia": "Província",
			"situacao": "Situação",
			"suplente": "Suplente",
			"titulo": "Praça de Vendas"
		},
		"responsavel": {
			"cargo": "Cargo",
			"dataFimAusencia": "Data Término",
			"dataInicioAusencia": "Data Início",
			"identificacao": "Identificação",
			"nome": "Nome",
			"tipoDocumento": "Documento"
		}
	},
	"bpms": {
		"agendamento": {
			"agendar": "Agendar",
			"calendario": "Calendário",
			"confirmar_agendamento": "Confirmar Agendamento",
			"dt_agendamento": "Data do Agendamento",
			"dt_hora": "Hora do Agendamento",
			"no_local": "Local",
			"servico": "Selecione o Agendamento",
			"servico_escolhido": "Serviço"
		},
		"certidao_predial": {
			"confirma_integracao": "Confirma a integração da Certidão Predial ao SIRP?",
			"download_certidao_predial": "Download da Certidão Predial",
			"integrar_certidao_predial": "Integrar ao SIRP"
		},
		"matriz_predial": {
			"aprovar_matriz_predial": "Aprovar Matriz Predial",
			"confirma_aprovacao": "Confirma a aprovação da Matriz Predial?"
		},
		"parcelamento": {
			"anexar_comprovativo": "Anexar Comprovativo da Solicitação do Parcelamento",
			"aprova_solicitacao_parcelamento": "Aprovação da Solicitação do Parcelamento",
			"codigo": "Código",
			"codigo_da_receita": "Código da Receita",
			"configurar_parcelamento": "Configurar Parcelamento",
			"confirma_altercao_situacao": "Confirma alterar situação da Solicitação para {{ situacao }}?",
			"data_emissao": "Data de Emissão",
			"data_pagamento": "Data de Pagamento",
			"data_vencimento": "Data de Vencimento",
			"data_vencimento_guia": "Data de Vencimento da Guia",
			"descritivo_parecer": "Descritivo do Parecer",
			"detalhe_da_receita": "Detalhe da Receita",
			"entrada": "Valor de Entrada",
			"finalizar_solicicitacao_parcelamento": "A Solicitação do Parcelamento será enviada para análise. Confirma a acção?",
			"gerar_parcelas": "Gerar Parcelas",
			"guias": "Guias de Pagamentos",
			"homologar_parcelamento": "Homologar Parcelamento",
			"homologar_parcelas": "Homologar Parcelas",
			"imposto": "Imposto",
			"impostos": "Impostos",
			"nome_da_receita": "Nome da Receita",
			"nu_de_parcela": "Quantidade de Parcelas",
			"nu_parcela": "Número da Parcela",
			"numero_guia": "Nº Guia",
			"observacao": "Observação",
			"parcela_unica": "Parcela Única",
			"parcelar": "Parcelar",
			"parcelar_impostos": "Parcelar Impostos",
			"percentual_entrada": "Percentual de Entrada",
			"permite_parcelamento": "Permite Parcelamento ?",
			"permite_parcelar": "Permite Parcelamento",
			"quantidade_max": "Quantidade máxima de parcelas",
			"quantidade_min": "Quantidade mínima de parcelas",
			"quantidade_parcela": "Quantidade de Parcelas. Min: {{ min }}. Máx: {{ max }}",
			"quantidade_parcela_max": "Quantidade máxima de parcelas: {{ max }}",
			"quantidade_parcela_min": "Quantidade mínima de parcelas: {{ min }}",
			"restante_parcela": "Restante",
			"rupe": "Número RUPE",
			"situacao": "Situação do Parcelamento",
			"situacao_parcela": "Situação",
			"solicitar_parcelamento": "Solicitar Parcelamento",
			"soma_parcela": "Valor Informado",
			"tipo_parcelamento": "Parcela Fixa",
			"tipo_vencimento": "Vencimento",
			"valor_da_receita": "Valor da Receita",
			"valor_entrada": "Valor da Entrada",
			"valor_guia": "Valor da Guia",
			"valor_match_guia": "A soma das parcelas deve ser igual ao valor da Guia",
			"valor_parcela": "Valor da Parcela",
			"valor_total_parcelamento": "Valor Total do Parcelamento",
			"visualizar_parcelamento": "Parcelamento",
			"visualizar_parcelas": "Visualizar Parcelas"
		},
		"solicitacao": {
			"servico": "Serviço"
		}
	},
	"cadastro": {
		"pessoa": {
			"pesquisar": "Pesquisar"
		}
	},
	"comum": {
		"aceder": "Aceder",
		"acoes": "Acções",
		"activar": "Activar",
		"activo": "Activo",
		"adicionar": "Adicionar",
		"ajustar": "Ajustar",
		"alerta": "Alerta",
		"alteracao": "Alteração",
		"analisar": "Analisar",
		"anexos": "Ficheiros",
		"aprovar": "Aprovar",
		"apta_N": "Não Apta",
		"apta_S": "Apta",
		"associar_todos": "Associar todos",
		"ativar": "Activar",
		"atribuir": "Atribuir",
		"avaliado": "Avaliado",
		"avaliar": "Avaliar",
		"bi": "Nº BI",
		"cancelado": "Cancelado",
		"cancelar": "Cancelar",
		"codigo": "Código",
		"complementar": "Complementar",
		"complemento": "Complemento",
		"completados": "Completados",
		"comprovativo": "Comprovativo",
		"concluir": "Concluir",
		"confirma_ativacao": "Deseja activar o(s) registo(s)?",
		"confirma_inativacao": "Deseja inactivar o(s) registo(s)?",
		"confirmacao": {
			"activacao": "Confirma activação do registo?",
			"activacaoSeleccionado": "Confirma a operação para activar o registo seleccionado?",
			"alterar_status": "Confirma a acção?",
			"cancelarregisto": " Confirma o cancelamento do registo?",
			"confirmaEdicao": "O registo do empreendimento não foi finalizado. Deseja finalizar o cadastro do Empreendimento?",
			"exclusao": "Deseja excluir o(s) registo(s)?",
			"exclusaoSeleccionado": "Deseja excluir o(s) registo(s)?",
			"exclusaoTodos": "Confirma a exclusão de todos os registos?",
			"exclusaoregisto": " Confirma exclusão do registo?",
			"finalizar": "Confirma finalização?",
			"inactivacao": "Confirma inactivação do registo?",
			"inactivacaoSeleccionado": "Confirma a operação para inactivar o registo seleccionado?",
			"inclusao": "Confirma inclusão do registo?"
		},
		"consultar": "Consultar",
		"continuar": "Continuar",
		"criarNovo": "Criar Novo +",
		"data": "Data",
		"dataFinal": "Data Final",
		"dataInicial": "Data Inicial",
		"data_hora": "Data/Hora",
		"data_solicitacao": "Data da Solicitação",
		"decisao": "Decisão",
		"deferido": "Deferido",
		"deferir": "Deferir",
		"desativar": "Inactivar",
		"descricao": "Descrição",
		"detalhar": "Detalhar",
		"documentos": "Documentos",
		"download": "Descarregar",
		"editar": "Editar",
		"emitido": "Emitido",
		"emitir": "Emitir",
		"emitir_gpt": "Emitir GPT",
		"encaminhar": "Encaminhar",
		"excluir": "Excluir",
		"expandir": "Expandir",
		"exportar": "Exportar",
		"fechar": "Fechar",
		"finalizar": "Finalizar",
		"fluxo_analise": "Análise",
		"fundamentacao": "Fundamentação",
		"fundamentar": "Fundamentar",
		"historico": "Histórico",
		"home": "Início",
		"homologar": "Homologar",
		"identificacao": "Identificação",
		"imprimir": "Imprimir",
		"imprimir_protocolo": "Imprimir Protocolo",
		"inactivar": "Inactivar",
		"inclusao": "Inclusão",
		"indeferido": "Indeferido",
		"indeferir": "Indeferir",
		"itens_associados": "Itens associados",
		"itens_disponiveis": "Itens disponíveis",
		"justificativa": "Justificativa",
		"limpar": "Limpar",
		"lista": "Lista",
		"marcaperiodo": {
			"0": "Hoje",
			"1": "Ontem",
			"7": "Últimos 7 dias",
			"30": "Últimos 30 dias",
			"null": "Mais antigos"
		},
		"mensagem": {
			"contribuinte_nao_existente": "Contribuinte não existente",
			"excluir_modelo": "Você dejesa Elimar o modelo de aeronave?",
			"fabricante_invalido": "Porfavor selecione um fabricante!",
			"label_campo_obrigatorio": "Campos com asterísco são de preenchimento obrigatório.",
			"modelo_invalido": "Porfavor informe um modelo de aeronave valído!",
			"nenhum_registro": "Nenhum registo localizado.",
			"preencher_campos_obrigatorios": "Você precisa preencher todos os campos obrigatórios para gravar.",
			"registo_nao_localizado": "Registo não localizado.",
			"resultados_encontrados": "Foram encontrados {{length}} resultados",
			"sucesso": "Operação realizada com sucesso."
		},
		"nif": "Nº NIF",
		"nome": "Nome",
		"notificacao": {
			"de": "De",
			"enviado_em": "Enviado em",
			"lido": "Lido",
			"nao_lido": "Não lido",
			"nenhuma_notificacao": "Nenhuma notificação encontrada.",
			"nenhuma_notificacao_encontrada": "Nenhuma notificação localizada.",
			"nenhuma_notificacao_selecionada": "Nenhuma notificação selecionada",
			"notificacao": "Notificação",
			"notificacoes": "Notificações",
			"para": "Para",
			"selecione_notificacao": "Selecione uma notificação para visualizar.",
			"titulo_modal_solicitacao": "Notificações - Protocolo nº {{nuSolicitacao}}"
		},
		"nu_protocolo": "Nº Protocolo",
		"opcoes": "Opções",
		"paginacao": {
			"anterior": "Anterior",
			"de": "de",
			"exibindo": "Mostrando",
			"ir": "Ir",
			"pagina": "Página",
			"primeira_pagina": "Primeira página",
			"proximo": "Próxima",
			"ultima_pagina": "Última página"
		},
		"parecer": "Parecer",
		"pendente": "Pendente",
		"pesquisa_avancada": "Pesquisa Avançada",
		"pesquisa_simples": "Pesquisa Simples",
		"pesquisar": "Pesquisar",
		"portal_servicos": "Portal de Serviços",
		"prefixo_numero": "No.",
		"protocolo": "Protocolo",
		"realizar_acao": "Editar",
		"recolher": "Recolher",
		"rectificar": "Rectificar Cadastro",
		"registar_acao": "Registar Acção",
		"registar_actividades": "Registar Actividades",
		"remover_todos": "Remover todos",
		"reprovar": "Reprovar",
		"salvar": "Gravar",
		"selecionar": "Selecionar",
		"simular": "Simular",
		"situacao": "Situação",
		"solicitacoes": "Solicitações",
		"tabela": "Tabela",
		"texto_vazio": "--",
		"titulo": "Título",
		"validacao": {
			"data": "Data inválida.",
			"email": "Email inválido",
			"hora": "Hora inválida.",
			"horario_invalido": "O horário deve seguir o formato '00:00'",
			"horario_maior": "Horário maior do que o esperado",
			"horario_menor_anterior": "Horário menor que valor anterior",
			"informar_valor": "Informe um valor para este campo",
			"invalid": "Formato inválido.",
			"maior_18": "Informar uma data maior de 18 anos",
			"max": "O valor máximo de {{max}}",
			"max_date": "A data não pode ser superior à {{data}}",
			"max_date_label": "A data não pode ser superior ao campo {{label}}",
			"max_dateatual": "A data informada deve ser menor que a data actual",
			"max_igual_dateatual": "A data informada deve ser menor ou igual a data actual",
			"max_igual_mes_atual": "O mês informado deve ser menor ou igual ao mês actual",
			"max_mes_atual": "O mês informada deve ser menor que o mês actual",
			"maxdate": "A data início deve ser menor ou igual que a data fim.",
			"maxlength": "Informe no máximo {{quantidade}} caracteres.",
			"menor_18": "Informar uma data menor de 18 anos",
			"min": "O valor mínimo de {{min}}",
			"min_date": "A data não pode ser inferior à {{data}}",
			"min_date_label": "A data não pode ser inferior ao campo {{label}}",
			"min_dateatual": "A data informada deve ser maior que a data actual",
			"min_dateinicio": "Data Término deve ser maior que Data Início",
			"min_igual_dateatual": "A data informada deve ser maior ou igual a data actual",
			"min_igual_mes_atual": "o mês informado deve ser maior ou igual ao mês actual",
			"min_max_value": "O valor informado deve estar entre {{min}} e {{max}}",
			"min_mes_atual": "O mês informado deve ser maior que o mês actual",
			"mindate": "A data início deve ser menor que a data fim",
			"minlength": "Informe no mínimo {{quantidade}} caracteres.",
			"nu_matriz_predial_invalido": "Nº Matriz Predial inválido",
			"nu_matriz_predial_nao_encontrado": "Nº Matriz Predial inválido ou não encontrado.",
			"numerico": "Somente números",
			"regex": "{{ campo }} inválido",
			"required": "Campo obrigatório.",
			"telefone_invalido": "Telefone inválido",
			"valor_match_transgressao": "A soma das parcelas deve ser igual ao valor da Transgressão",
			"valor_maximo": "Valor informado superior ao valor sugerido",
			"valor_maximo_lei": "Valor informado superior ao valor da Lei",
			"valor_minimo": "Valor informado inferior ao valor sugerido",
			"valor_minimo_lei": "Valor informado inferior ao valor da Lei"
		},
		"validado": "Validado",
		"validar": "Validar",
		"vermais": "Ver mais",
		"vermenos": "Ver menos",
		"vinculaer_nif": "Vincular NIF",
		"visualizar_parecer": "Visualizar Parecer",
		"voltar": "Voltar"
	},
	"core": {
		"acessonegado": "Acesso negado! O usuário não possue acesso ao recurso requisitado.",
		"alerta": "Alerta",
		"cancelar": "Cancelar",
		"confirmacao": "Confirmação",
		"erro": "Erro",
		"errogeral": "Ocorreu uma falha no sistema, por favor entre em contato com o Administrador.",
		"fechar": "Fechar",
		"gatewayexpirou": "Expirou o tempo de resposta do serviço interno. Por favor, tente novamente.",
		"info": "Informação",
		"nao": "Não",
		"naoencontrado": "Endereço não encontrado.",
		"ok": "OK",
		"requisicaoexpirou": "Expirou o tempo da requisição. Por favor, tente novamente.",
		"requisicaomalformada": "Requisição mal formada.",
		"semconexao": "Sem conexão com a internet.",
		"sim": "Sim",
		"success": "Sucesso"
	},
	"dinamico": {
		"data": {
			"dia_mes_ano": "dd/MM/y",
			"dia_mes_ano_hora_minuto": "dd/MM/y HH:mm",
			"hora_minuto": "HH:mm",
			"mes": "mês",
			"meses": "meses"
		},
		"valor": {
			"maximo": "Valor máximo {{ maximo }}",
			"minimo": "Valor mínimo {{ minimo }}"
		}
	},
	"ficheiro": {
		"anexos": "Anexos",
		"cancelar_uploads": "Cancelar Upload",
		"iniciar_upload": "Iniciar Upload",
		"lbl_drag": "Arraste aqui os ficheiros para upload",
		"lbl_tamanho": "Tamanho max permitido: {{ size }} kb",
		"lbl_tipos": "Tipos suportados:",
		"msg": {
			"download_error": "Não foi possível realizar o download do ficheiro {{ name }}",
			"nome_repetido": "Ficheiro {{name}} já carregado.",
			"numero_maximo": "Número de ficheiros excedido!",
			"tamanho_excedido": "Tamanho do ficheiro inválido. Máximo: {{tamanho}} kb",
			"timeout": "Não foi possível realizar o upload do ficheiro {{name}}. Tente novamente!",
			"tipo_invalido": "Tipo do ficheiro inválido. Extensões suportadas: {{tipos}}."
		},
		"numero_maximo": "Máximo {{ maximo }} ficheiros.",
		"procurar": "Procurar"
	},
	"formatacao": {
		"data": "dd/MM/yyyy",
		"data_hora": "dd/MM/yyyy HH:mm",
		"data_hora_segundo": "dd/MM/yyyy HH:mm:ss",
		"valor_monetario": "999.999.999.999.999.999.999.999,99"
	},
	"historico": {
		"aviso_detalhar": "Clique em um histórico ao lado para exibir os detalhes",
		"historico": "Histórico",
		"historico_detalhe": "Detalhamento do histórico"
	},
	"home": {
		"bem_vindo": {
			"descricao": "Você não possui acesso às funcionalidades do Portal.",
			"titulo": "Bem-Vindo ao Portal do Munícipe"
		}
	},
	"imovel": {
		"dados_imovel": "Dados do imóvel",
		"descricao": "Faça a gestão das informações que serão utilizadas no contexto do sistema",
		"identificacao": {
			"matriz_predial": "Matriz Predial",
			"tipo": "Tipo",
			"tipo_grupo": "Tipo de grupo",
			"tipo_uso": "Tipo de uso",
			"tipologia_empreendimento": "Tipologia do empreendimento",
			"titulo": "Identificação do imóvel"
		},
		"list": {
			"descricao": "Descrição do Imóvel"
		},
		"resumo": {
			"finalizar": "Finalizar o Registo do Imóvel?",
			"finalizar_ajustes": "Finalizar Ajustes",
			"titulares": "Titulares do imóvel",
			"titulo": "Resumo do imóvel"
		},
		"solicitacao": {
			"situacao_nao_pode_rectificar": "Solicitação deve estar na situação REQUERENTE para poder rectificar."
		},
		"titular": {
			"nif_titular": "NIF do titular",
			"nome_titular": "Nome do titular",
			"obrigatorio_preenchimento_contacto_telefonico": "É obrigatório preencher algum dos contactos telefônicos (Telefone Comercial ou Telemóvel)"
		},
		"titulares": "Titulares",
		"titulo": "Registo de Imóveis"
	},
	"login": {
		"aceder": "ACEDER",
		"credenciais_invalidas": "Credenciais inválidas.",
		"msg": {
			"senha_minlength": "Sua senha deve conter pelo menos {{quantidade}} caracteres.",
			"username_invalido": "Correio electrônico inválido."
		},
		"palavra_passe": "Palavra-Passe",
		"utilizador": "Correio electrônico",
		"voltar": "Voltar"
	},
	"mensagens": {
		"997": "Nenhum registo localizado.",
		"1466": "Nenhum registo localizado.",
		"1467": "Operação realizada com sucesso.",
		"1468": "Deseja excluir o(s) registo(s)?",
		"1469": "<nome_campo> é obrigatório",
		"1470": "Número NIF/BI inválido ou contribuinte/pessoa não existe na base de dados do contribuinte.",
		"1471": "Extensão do ficheiro inválida.",
		"1472": "Limite máximo de ficheiros excedido. Quantidade máxima permitida é de 10 ficheiros.",
		"1473": "Tamanho máximo permitido do ficheiro",
		"1474": "Confirma a exclusão de todos os registos?",
		"1475": "Deseja submeter o registo para análise do órgão competente?",
		"1476": "Já existe uma empresa exploradora registada como a principal. Deseja alterar a empresa principal?",
		"1477": "Existem empresas com registo incompleto. Conclua o (s) registo(s) para prosseguir com a solicitação",
		"1478": "Não foi identificada a empresa exploradora principal. Seleccione a empresa exploradora principal.",
		"1492": "O serviço seleccionado não é realizado para a tipo do empreendimento.",
		"1493": "Deseja submeter o registo para Direcção de Hotelaria?",
		"1494": "O registo do empreendimento não foi finalizado. Para solicitação o serviço você deve concluir o registo do empreendimento.",
		"1495": "Actualize os dados do empreendimento e solicite novamente o serviço.",
		"1496": "O empreendimento já está vinculado a uma solicitação de Alvará da Licença da Indústria de Hotelaria e Similares. Seleccione outro empreendimento.",
		"1497": "É obrigatório a selecção de pelo menos um analista.",
		"1498": "Deseja finalizar a análise submeter resultado ao solicitante?",
		"1502": "Data da validade deve ser maior que data de emissão.",
		"1503": "Deseja actualizar os dados do empreendimento?",
		"1504": "Deseja submeter a solicitação para análise?",
		"1505": "Deseja submeter o resultado do agendamento ao órgão competente?",
		"1507": "A comissão já possui um representanto classificado como escrivão. Altere a classificação do representante para registar a informação.",
		"1508": "Data informada é inválida.",
		"1509": "A empresa exploradora já está registada ao empreendimento.",
		"1514": "A vistoria foi aprovada e possui agendamento. Exclua o agendamento gerado para finalizar o processo.",
		"1515": "Para finalizar o processo é necessário realizar o agendamento e aguardar a confirmação.",
		"1521": "Confirma submeter o agendamento ao operador?",
		"1525": "Empreendimento registado com sucesso. Realize o recadastramento do empreendimento para manter as informações activas. Aceda o menu Serviços» Serviços» Recadastramento.",
		"1526": "Empreendimento foi actualizado. Deseja submeter o registo para análise do órgão competente?",
		"1527": "Serviço não registado. Regresse ao registo do empreendimento, informe a empresa principal e solicite o serviço.",
		"1529": "Após actualizar o registo é necessário finalizar o processo no Resumo, passo 4.",
		"1543": "Confirma alterar a situação do agendamento para Realizado?",
		"1544": "Percentagem de participação máxima no valor de 100%.",
		"1545": "A soma dos percentuais das empresas exploradoras deve ser igual a 100%.",
		"1547": "O responsável do empreendimento deve ser de uma pessoas singular.",
		"1548": "Para gerar o documento de vistoria é necessário confirmar a realização da vistoria no ecrã agendamento.",
		"1550": "A vistoria foi aprovada, exclua o agendamento registado para gerar o documento Auto de Visoria.",
		"1551": "Para gerar o documento Pré Auto de Vistoria é necessário realizar o agendamento da proxíma vistoria.",
		"1556": "O protcolo deve realizar uma nova vistoria para finalizar o parecer.",
		"1557": "O agendamento em questão está confirmado. Deseja cancelar o agendamento?",
		"servico": {
			"erro_gerar_dli": "Ocorreu um erro ao gerar a DLI para a solicitação."
		},
		"somente_pessoa_singular": "É permitida somente a seleção de pessoas singulares.",
		"somente_pessoa_singular_coletiva": "É permitida somente a seleção de pessoas singulares ou colectivas.",
		"titular_deve_ser_informado_representante": "É necessário informar o Titular para o cadastro do Representante.",
		"validacao_exclusao_titular": "Deseja excluir o Titular do Tereno e seus representantes?"
	},
	"orgao_dependente": {
		"ano_exercicio": "Ano do Exercício",
		"selecionar": "Selecione o Órgão Dependente",
		"sem_contas_para_od_selecionada": "Não há Contas Bancárias Agregadoras para o Órgão Depentene seleccionado.",
		"sem_orgaos_dependentes_ano": "Não há Órgãos Dependentes para o Ano do Exercício {{ ano }}.",
		"sem_orgaos_dependentes_uo": "Não há Órgãos Dependentes para a Unidade Orçamental selecionada."
	},
	"parecer": {
		"mensagem": {
			"texto_substituido": "O texto informado será substituido pelo modelo. Confirma a acção ?"
		}
	},
	"reembolso": {
		"Ordem_saque": {
			"codigo_ordem_saque": "Código da Ordem de Saque",
			"data_emissao": "Data de Emissão",
			"data_pagamento": "Data de Pagamento",
			"numero_bacancaria": "Número Bancário",
			"numero_os": "Número da OS",
			"titulo": "Ordem De saque"
		},
		"menu": {
			"analise": {
				"titulo": "Análise",
				"tooltip": "Faça Análise da Solicitação de Reembolso"
			},
			"solicitacao": {
				"titulo": "Solicitar Reembolso",
				"tooltip": "Faça Gestão da Solicitação de Reembolso"
			}
		},
		"modulo": {
			"descricao": "Gestão da solicitação de reembolso",
			"titulo": "Reembolso"
		},
		"orgao_dependente": {
			"titulo": "Orgão Dependente"
		},
		"solicitacao": {
			"cadastro": {
				"designacao_bancaria": {
					"agencia": "Agência",
					"banco": "Banco",
					"conta": "Conta",
					"designacao": "Designação",
					"iban": "IBAN",
					"moeda_conta": "Moeda da Conta",
					"pais": "País"
				},
				"despesa": {
					"data_deposito": "Data do Depósito",
					"data_pagamento": "Data do Pagamento",
					"data_transferencia": "Data da Transferéncia",
					"data_valor": "Data da Despesa",
					"documento": "Documento",
					"finalidade": "Finalidade",
					"forma_pagamento_deposito_reembolso": "Reembolso",
					"forma_pagamento_deposito_reembolso_retorno": "Retorno",
					"msg_impostos_obrigatoriedade": "Preenchimento obrigatório apenas para solicitações que tenham retorno do tipo \"Transformação em Receita\"",
					"msg_orgao_dependente_obrigatoriedade": "Preenchimento obrigatório apenas para formas de pagamento por \"TPA\" ou \"Transferência\"",
					"numero_conta": "Número da Conta",
					"numero_deposito": "Número do Depósito",
					"numero_gpt": "Número da GPT",
					"numero_tpa": "Número do Documento",
					"seleciona_forma_pagamento": "Seleciona a Forma de Pagamento ",
					"validar_valor_depositado": "O {{ placeholder_valor_depositado }} é inferior ao {{ placeholder_valor_retorno }} ",
					"validar_valor_minimo": "O valor necessita ser maior que zero",
					"validar_valor_reembolso": "O Valor a Reembolsar é superior ao Valor Transferido",
					"validar_valor_retorno": "O {{ placeholder_valor_retorno }} é superior ao {{ placeholder_valor_depositado }} ",
					"valor_a_reebolsar": "Valor A Reembolsar",
					"valor_depositado": "Valor do Depósito",
					"valor_pago": "Valor Pago",
					"valor_retorno": "Valor Retorno",
					"valor_transferido": "Valor Transferido"
				},
				"impostos": {
					"documento": "Imposto",
					"tipoDocumento": "Tipo de Imposto",
					"titulo": "Impostos",
					"valor": "valor"
				},
				"titulo": "Cadastro de Reembolso"
			},
			"gerir_despesa": {
				"titulo": "Gerir Despesas",
				"titulo_tab": "Despesa"
			},
			"list": {
				"data_final": "Data Final da Solicitação",
				"data_incial": "Data Inicial da Solicitação",
				"forma_pagamento": "Forma de Pagamento",
				"nif": "Nº NIF",
				"nif_solicitante": "NIF do Solicitante",
				"numero_protocolo": "Número do protocolo",
				"situacao": "Situação",
				"sub_titulo": "Pesquisar",
				"titulo": "Consulta de Reembolsos"
			},
			"protocolo": "Nº Protocolo",
			"resumo": {
				"retorno": "Retorno",
				"tipo_reembolso": "Tipo de Reembolso"
			},
			"stepper": {
				"domicilio_bancario": {
					"titulo": "Domicilio Bancário",
					"titulo_teceiro": "Domicilio Bancário de Terceiro",
					"titulo_transferencia": "Domicilio Bancário da Transferência"
				},
				"identificacao": {
					"resumo": "Resumo",
					"solicitacao": "Solicitação",
					"titulo": "Identificação"
				},
				"protocolo_n": "Nº Protocolo",
				"resumo": {
					"mensage_finalizar": "Finalizar o Registo da Solicitação do Reembolso?"
				}
			},
			"titulo": "Solicitação"
		}
	},
	"shared": {
		"administracao": "Administração",
		"completo": "Completo",
		"comuna": "Comuna",
		"configuracoes_conta": "Configurações",
		"confirmacao": "Confirmação",
		"deseja_remover_registro": "Deseja remover o registo?",
		"disponivel": "Disponível",
		"endereco": {
			"bairro": "Bairro",
			"complemento": "Complemento",
			"comuna": "Comuna",
			"endereco": "Endereço",
			"municipio": "Município",
			"numero": "Número",
			"pais": "País",
			"provincia": "Província",
			"referencia": "Referência"
		},
		"ficheiro": {
			"anexos": "Ficheiros",
			"cancelar_uploads": "Cancelar Uploads",
			"data_operacao": "Data da operação",
			"iniciar_upload": "Iniciar Upload",
			"lbl_drag": "Arraste os ficheiros até aqui ou clique em procurar.",
			"lbl_tamanho": "Tamanho máximo permitido: {{size}} KB",
			"lbl_tipos": "Tipos de ficheiro permitidos",
			"msg": {
				"erro_upload_ficheiros": "Ocorreu um erro ao efetuar o upload dos ficheiros. Tente novamente.",
				"numero_maximo": "Limite máximo de ficheiros excedido",
				"tamanho_excedido": "Limite máximo do tamanho do ficheiro excedido",
				"timeout": "Tente novamente mais tarde",
				"tipo_invalido": "Extensão do ficheiro inválida"
			},
			"nome": "Nome do ficheiro",
			"numero_maximo": "Quantidade máxima de ficheiros: {{maximo}}",
			"procurar": "Procurar",
			"utilizador": "Nome do utilizador"
		},
		"foto_selecionar": "Selecionar",
		"legendas": "LEGENDAS",
		"localidade": "Localidade",
		"modulos": {
			"administrativo": {
				"descricao": "Faça a gestão das informações que serão utilizadas no contexto do sistema.",
				"titulo": "Administractivo"
			},
			"cemiterio": {
				"descricao": "Faça a gestão das informações que serão utilizadas no contexto do sistema.",
				"titulo": "Cemitério"
			},
			"concessao_direitos_fundiarios": {
				"descricao": "Faça a gestão das informações que serão utilizadas no contexto do sistema",
				"titulo": "Direitos Fundiários"
			},
			"fiscalizacao": {
				"descricao": "Faça a gestão das informações que serão utilizadas no contexto do sistema.",
				"titulo": "Fiscalização"
			},
			"solicitacao_servicos": {
				"descricao": "Faça a gestão das informações que serão utilizadas no contexto do sistema.",
				"titulo": "Solicitação de Serviços"
			},
			"titulo": "Módulos"
		},
		"municipio": "Município",
		"nao": "Não",
		"perfil": "Perfil",
		"pesquisar_funcionario": {
			"nome_agente": "Nome do Agente",
			"nu_agente": "Nº do Agente",
			"titulo": "Pesquisar Agente Público"
		},
		"provincia": "Província",
		"remover": "Remover",
		"sair_sistema": "Sair",
		"sim": "Sim",
		"sistema": {
			"titulo": "Portal do Munícipe"
		},
		"sobre": "Sobre"
	},
	"shared_cadastro": {
		"campo_invalido": "Campo Inválido",
		"contacto": {
			"comercial": "Telefone Comercial",
			"comercial_email_obrigatorio": "Telefone Comercial e E-mail são obrigatórios.",
			"comercial_obrigatorio": "Telefone Comercial e E-mail é obrigatório.",
			"email": "Correio Electrônico",
			"residencial": "Telefone Residencial",
			"telemovel": "Telemóvel",
			"title": "Contacto",
			"title_responsavel": "Contactos do Proprietário"
		},
		"correio_invalido": "Correio Electrônico Inválido",
		"ddi": "DDI",
		"dli": {
			"dt_venc": "Data Vencimento",
			"emitir": "Emitir GPT",
			"guias": "Guias de Pagamento",
			"nu_dli": "Nº GPT",
			"nu_rup": "Nº RUPE",
			"recibo": "Comprovativo de Pagamento",
			"st_dli": "Situação",
			"valor_total": "Valor Total"
		},
		"notificacoes": {
			"assunto": "Assunto",
			"notificacoes_mais_antigas": "Notificações mais antigas",
			"parecer": "Parecer"
		},
		"protocolo": "Protocolo",
		"tipo_de_contacto": "Tipo de Contacto"
	},
	"sigtur": {
		"agendamento": {
			"agendamentos": "Agendamentos",
			"agendar_vistoria": "Agendar Vistoria",
			"confirmar_agendamento": "Confirmar Agendamento",
			"confirmar_agendamento_vistoria": "Confirmar a data do agendamento da vistoria",
			"data_agendamento_vistoria": "Data do Agendamento da Vistoria",
			"data_vistoria": "Data da Vistoria",
			"horario_vistoria": "Horário da Vistoria",
			"mensagem_cancelamento": "O agendamento para a vistoria foi cancelado pelo órgão competente do turismo e um novo agendamento será realizado a posterior.",
			"motivo": "Motivo",
			"motivo_recusa": "Informe o motivo da recusa",
			"situacao_agendamento": "Situação do Agendamento",
			"solicitante": "Solicitante",
			"titulo": "Agendamento",
			"vistoria_realizada": "Vistoria Realizada"
		},
		"assinatura": {
			"confirmar_assinatura": "Confirmar Assinatura",
			"confirmar_assinatura_mensagem": "Confirmar Assinatura do Documento?",
			"data_assinatura": "Data da Assinatura"
		},
		"coleta_localizacao": {
			"confrontacoes": "Confrontações",
			"ds_leste": "Confrontação do Terreno - Este",
			"ds_nordeste": "Confrontação do Terreno - Nordeste",
			"ds_noroeste": "Confrontação do Terreno - Noroeste",
			"ds_norte": "Confrontação do Terreno - Norte",
			"ds_oeste": "Confrontação do Terreno - Oeste",
			"ds_sudeste": "Confrontação do Terreno - Sudeste",
			"ds_sudoeste": "Confrontação do Terreno - Sudoeste",
			"ds_sul": "Confrontação do Terreno - Sul",
			"informar_coordenadas": "Informar coordenadas geográficas",
			"titulo": "Coordenadas Geográficas",
			"tp_coleta": "Sistema de Referência",
			"valida_coordenadas_geograficas": "Coordenadas Geográficas é obrigatório"
		},
		"comissao_vistoria": {
			"pagamento": "Registar Pagamento",
			"rep_funcao": "Função",
			"rep_orgao": "Orgão",
			"representante": "Representante",
			"retornar_lista": "Retorna para Lista",
			"titulo": "Equipa Técnica",
			"visualizar": "Equipa Técnica",
			"vl_pagamento": "Valor Pagamento"
		},
		"contribuinte": {
			"nif": "NIF do Contribuinte",
			"nome": "Contribuinte",
			"numero": "NIF/BI do Contribuinte",
			"tipo_de_pessoa": "Tipo de Pessoa"
		},
		"distribuicao": {
			"atribuir": "Atribuir Utilizador",
			"finalizar": "Confirma a finalização desta fase?",
			"nome_utilizador": "Nome",
			"titulo": "Distribuir",
			"user_name": "Utilizador",
			"utilizadores_atribuidos": "Utilizadores atribuídos"
		},
		"doc_vistoria": {
			"dt_agendamento": "Data da Visita",
			"fl_recomendacao": "Existe Recomendação",
			"gerar": "Gerar Auto de Vistoria",
			"gerar_pre": "Gerar Pré-Auto de Vistoria",
			"nu_vistoria": "Nº da Vistoria",
			"st_vistoria": "Situação Vistoria",
			"titulo": "Vistoria",
			"visualizar": "Visualizar Auto de Vistoria",
			"visualizar_pre": "Visualizar Pré-Auto de Vistoria"
		},
		"documento": {
			"download_documento": "Download Documento",
			"emitir_documento": "Emitir Documento"
		},
		"empreendimento": {
			"anexo": {
				"titulo": "Anexo Terreno"
			},
			"cadastrar": "Cadastrar",
			"caracteristicas": "Características",
			"classificacao": "Classificação",
			"data_incricao_matriz_predial": "Data de Inscrição na Matriz Predial",
			"descricao": "Módulo de Terreno",
			"detalhar_registo": "Detalhar Registo",
			"dt_emissao": "Data de Emissão",
			"dt_regularizacao_terreno": "Data de Regularização do Terreno",
			"dt_validade": "Data de Validade",
			"editar_regsito": "Editar Registo",
			"endereco": {
				"titulo": "Endereço Terreno"
			},
			"existe_aproveitamento_util_do_terreno": "Existe aproveitamento útil do terreno?",
			"finalizar_registo_com_solicitacao": "Finalizar o Registo do Terreno e Criar a Solicitação?",
			"finalizar_registo_sem_solicitacao": "Finalizar a Rectificação do Terreno?",
			"hint_numero_alvara": "Informar somente o número e ano do Alvará",
			"identificacao": "Identificação",
			"identificacao_analise": "Identificação Terreno",
			"link": "Terreno",
			"listar_registos": "Listar Registos",
			"nome": "Título do Terreno",
			"nomeImovel": "Descrição do Imóvel",
			"nome_terreno": "Identificador do Terreno",
			"nu_matriz_predial": "Nº Matriz Predial",
			"num_artigo_matricial": "Nº Artigo Matricial",
			"num_artigo_matricial_anterior": "Nº Artigo Matricial Anterior",
			"num_processo_sisa": "Nº Processo Sisa",
			"num_processo_sucessoes_doacoes": "Nº Processo de Sucessões e Doações",
			"num_registro_conservatorio": "Nº Registo Conservatória",
			"numero_registro": "Nº do Terreno",
			"pesquisa": "Pesquisar",
			"protocolo": "Nº do Alvará de Licenciamento",
			"qtd_funcionarios": "Quantidade de Funcionarios",
			"qtd_quartos": "Quantidade de Quartos",
			"registar": "Registar",
			"responsavel": {
				"nif": "NIF do Solicitante",
				"nome": "Nome do Solicitante"
			},
			"situacao": "Situação",
			"situacao_estabelecimento": "Situação do Estabelecimento",
			"tipo": "Tipo de Terreno",
			"tipologia": "Tipologia",
			"titulo": "Terrenos",
			"titulo_terreno": "Título do Terreno",
			"tp_grupo": "Tipo de Grupo"
		},
		"empresa": {
			"declarante": "Declarante",
			"endereco_sede": "Endereço Sede",
			"exploradora": "Proprietário",
			"identificacao": "Identificação",
			"localidade": "Localidade",
			"localidade_nascimento": "Localidade de Nascimento",
			"morada_actual": "Morada Actual",
			"nif": "NIF",
			"nome": "Nome",
			"percentual": "% de Participação",
			"principal": "Principal",
			"representante": {
				"representante": "Representante",
				"representantes": "Representantes",
				"repressentantes_assinatura": "Responsáveis pelas assinaturas do Documento",
				"repressentantes_confirma_assinatura": "Confirma a seleção de Titulares e Representantes que assinarão o Documento ?",
				"tipo_representante": "Tipo de Representante"
			},
			"retornar_lista": "Retornar Lista",
			"situacao_perc_registo": {
				"completo": "Registo completo",
				"incompleto": "Registo incompleto",
				"situacao": "Situação do registo"
			},
			"solicitante": "Solicitante",
			"tipo_declarante": "Tipo Declarante",
			"titular": {
				"marcar_desmarcar": "Selecionar todos",
				"nif": "NIF do Titular",
				"nome": "Nome do Titular",
				"titular": "Titular",
				"titular_do_terreno": "Titular do Terreno"
			},
			"titulares": "Titulares",
			"titulo": "Solicitação",
			"vl_capital_social": "Valor Capital Social"
		},
		"especificacao": {
			"titulo": "Especificações"
		},
		"ficheiro": {
			"anexos": "Anexos",
			"documentos": "Documentos",
			"titulo": "Ficheiros"
		},
		"forca_trabalho": {
			"homens_expatriados": "Qtd. homens expatriados",
			"homens_nao_qualificados": "Qtd. trabalhadores homens não qualificado",
			"homens_qualificados": "Qtd. trabalhadores homens qualificado",
			"mulheres_expatriadas": "Qtd. mulheres expatriadas",
			"mulheres_nao_qualificadas": "Qtd. trabalhadoras mulheres não qualificadas",
			"mulheres_qualificadas": "Qtd. trabalhadoras mulheres qualificadas",
			"titulo": "Força de Trabalho",
			"total_homens": "Qtd. Total trabalhadores homens",
			"total_mulheres": "Qtd. Total trabalhadoras mulheres"
		},
		"licenciamento": {
			"analisar": "Analisar",
			"autorizo": "Autorizo que o MUNICIPE partilhe as informações do terreno no Portal do Municipe após a emissão do serviço",
			"consultar": "Consultar",
			"dataDaSolitacao": "Data de Solicitação",
			"dataDeEmissao": "Data de Emissão",
			"descricao": "Módulo de Serviço",
			"despachar": "Despachar",
			"documentos": "Documentos",
			"empreendimento": "Terreno",
			"licenca_de_importacao_form": {
				"contacto": "Contacto"
			},
			"link": "Solicitação",
			"periodoValidade": "Periódo da Solicitação",
			"pesquisa": "Pesquisar",
			"responsavel": {
				"nif": "NIF do Solicitante",
				"nome": "Nome do Solicitante"
			},
			"solicitacao": {
				"fase": "Fase",
				"nu_protocolo": "Nº do Protocolo",
				"situacao": "Situação",
				"titulo": "Solicitação"
			},
			"terreno": "Alvara de Serviço",
			"tipos": "Tipo de Serviço",
			"titulo": "Serviço",
			"tool_tip": "Funcionalidade de Serviços",
			"validar": "Validar"
		},
		"orgao_externo": {
			"fl_comissao_vistoria": "Registar Pagamento",
			"fl_parecer": "Registar Pagamento",
			"fl_permite_alterar": "Permite Alterar Informações?",
			"nu_protocolo": "Nº Protocolo",
			"rep_orgao": "Orgão",
			"representante": "Representante",
			"retornar_lista": "Retorna para Lista",
			"solicitacao": "Solicitações do Órgão Externo",
			"solicitacoes": "Solicitações",
			"st_solicitacao": "Situação da Solicitação",
			"titulo": "Comissão Vistoria",
			"titulo_orgao": "Órgão Externo",
			"vl_ordem_servico": "Registar Pagamento",
			"vl_pagamento": "Valor Pagamento"
		},
		"parecer": {
			"historico": "Histórico de Parecer",
			"parecer_consolidado": "Parecer Consolidado",
			"prazo_concessao": "Prazo de Concessão",
			"prazo_renovacao": "Prazo de Renovação",
			"prazo_renovacao_concessao": "Prazo de renovação da Concessão",
			"titulo": "Parecer",
			"titulo_dec": "Decisão",
			"valor_efectivo": "Valor Efectivo",
			"valor_sugerido": "Valor Sugerido",
			"visualizar": "Visualizar",
			"visualizar_hst": "Pareceres"
		},
		"portal_sisp": {
			"descricao": "Descrição",
			"nome": "Orgão",
			"sigla": "Sigla"
		},
		"recomendacao": {
			"adicionar": "Adionar Recomendações",
			"descricao": "Recomendação",
			"recomendacao": "Recomendação",
			"requisitos_atendidos": "Os requisitos exigidos pelos Decretos Executivos nº 36/16 de 15 fevereiro e 1/16 de 4 janeiro foram atendidos ",
			"retornar_lista": "Retornar Lista",
			"titulo": "Recomendações"
		},
		"responsavel": {
			"contacto": "Proprietário Contacto",
			"nif": "Nº NIF",
			"nome": "Nome do Solicitante",
			"titulo": "Proprietário"
		},
		"resumo": {
			"descricao": "Resumo do Terreno",
			"titulo": "Resumo"
		},
		"servico": {
			"analise": {
				"titulo": "Análise dos Serviços"
			},
			"cadastrar": "Cadastrar",
			"decisao": "Informe uma Decisão:",
			"descricao": "Descrição do Serviço",
			"editar_solicitacao": "Editar Solicitação",
			"especificacao": "Caracteristicas do Terreno",
			"nome": "Serviço",
			"servico": "Serviço",
			"situacao": "Encaminhar Para:",
			"titulo": "Serviços"
		},
		"solicitante": {
			"titulo": "Solicitante",
			"titulo_analise": "Solicitante Terreno"
		},
		"tipos_direito": {
			"titulo": "Tipo de Direito"
		},
		"vistoria": {
			"gerar_auto": "Gerar Auto de Vistoria",
			"gerar_preauto": "Gerar Pré-Auto de Vistoria",
			"titulo": "Vistoria",
			"visualizar_auto": "Visualizar Auto de Vistoria",
			"visualizar_preauto": "Visualizar Pré-Auto de Vistoria"
		}
	},
	"sinalizador": {
		"deferida": "Deferida",
		"encaminhado": "Encaminhada",
		"indeferida": "Indeferida",
		"retornada": "Retornada"
	},
	"unidade_orcamental": {
		"ano_exercicio": "Ano do Exercício",
		"selecionar": "Selecione a Unidade Orçamental",
		"sem_unidades_orcamentais_ano": "Não há Unidades Orcamentais para o Ano do Exercício {{ ano }}.",
		"unidade_orcamental": "Unidade Orçamental"
	},
	"validar_documento": {
		"documento_valido": "Documento Válido",
		"dt_emissao": "Data da Emissão",
		"dt_solicitacao": "Data da Solicitação",
		"no_contribuinte": "Nome do Contribuinte",
		"nova_busca": "Fazer uma nova busca",
		"nu_contribuinte": "NIF do Solicitante",
		"protocolo_nao_encontrado": "O número do protocolo informado não foi encontrado",
		"titulo": "Validar Documentos"
	}
}
