{
    "dados_imovel": "Dados do imóvel",
    "descricao": "Faça a gestão das informações que serão utilizadas no contexto do sistema",
    "identificacao": {
        "matriz_predial": "Matriz Predial",
        "tipo": "Tipo",
        "tipo_grupo": "Tipo de grupo",
        "tipo_uso": "Tipo de uso",
        "tipologia_empreendimento": "Tipologia do empreendimento",
        "titulo": "Identificação do imóvel"
    },
    "list": {
        "descricao": "Descrição do Imóvel"
    },
    "resumo": {
        "finalizar": "Finalizar o Registo do Imóvel?",
        "finalizar_ajustes": "Finalizar Ajustes",
        "titulares": "Titulares do imóvel",
        "titulo": "Resumo do imóvel"
    },
    "solicitacao": {
        "situacao_nao_pode_rectificar": "Solicitação deve estar na situação REQUERENTE para poder rectificar."
    },
    "titular": {
        "nif_titular": "NIF do titular",
        "nome_titular": "Nome do titular",
        "obrigatorio_preenchimento_contacto_telefonico": "É obrigatório preencher algum dos contactos telefônicos (Telefone Comercial ou Telemóvel)"
    },
    "titulares": "Titulares",
    "titulo": "Registo de Imóveis"
}